Index,len,Filename,min,max,Neg,Pos,$\frac{\text{Pos}}{\text{Neg}+\text{Pos}}$,TN,FP,FN,TP,Prec,Rec,FP/P
679,1264,BRFC_alpha_0_5_1_1_1_0_Hard,0.65,0.6504761904761905,4832,2244,0.31712832108535893,618380,58064,67369,58887,0.5035185676052364,0.4664095171714612,0.4598910150804714
11804,13385,BRFC_alpha_0_5_1_1_1_0_Medium,0.8175000000000001,0.8176666666666665,10,1,0.09090909090909091,657860,18584,107672,18584,0.5,0.14719300468888608,0.14719300468888608
62342,63587,BRFC_alpha_0_5_1_1_1_0_Easy,0.9302570894447828,0.9302570894447828,7,1,0.125,673543,2901,123353,2903,0.5001722949689869,0.022992966670890888,0.02297712583956406
106151,106152,KBFC_alpha_0_5_gamma_0_0_1_1_1_0_Hard,0.9568862,0.9810788,1,13.0,0.9285714285714286,676444,0,126256.0,0.0,,0.0,0.0
112275,112276,KBFC_alpha_0_5_gamma_0_0_1_1_1_0_Medium,0.8427536,0.8987984,1,7.0,0.875,676444,0,126256.0,0.0,,0.0,0.0
65129,65130,KBFC_alpha_0_5_gamma_0_0_1_1_1_0_Easy,0.49847233,0.52140087,6,6.0,0.5,676444,0,126256.0,0.0,,0.0,0.0
