Index,len,Filename,min,max,Neg,Pos,$\frac{\text{Pos}}{\text{Neg}+\text{Pos}}$,TN,FP,FN,TP,Prec,Rec,FP/P
238,424,BRFC_alpha_0_5_0_1_1_1_Hard,0.66,0.6621428571428573,4946,2342,0.3213501646542261,620080,56364,69759,56497,0.5005892203684178,0.44747972373590167,0.4464263084526676
2933,3327,BRFC_alpha_0_5_0_1_1_1_Medium,0.8175752760311582,0.8179523809523808,35,10,0.2222222222222222,656475,19969,106292,19964,0.49993739513685426,0.15812317830439743,0.15816278038271447
10903,11146,BRFC_alpha_0_5_0_1_1_1_Easy,0.924,0.9241309523809524,10,20,0.6666666666666666,673109,3335,122920,3336,0.5000749512816669,0.026422506653149158,0.026414586237485743
8673,11611,KBFC_alpha_0_5_gamma_0_0_0_1_1_1_Hard,0.36747772,0.36752015,10,12,0.5454545454545454,637103,39341,86912,39344,0.5000190633538794,0.311620833861361,0.3115970726143708
11206,12305,KBFC_alpha_0_5_gamma_0_0_0_1_1_1_Medium,0.43917477,0.43929517,21,10,0.3225806451612903,662997,13447,112809,13447,0.5,0.10650582942592828,0.10650582942592828
11218,11220,KBFC_alpha_0_5_gamma_0_0_0_1_1_1_Easy,0.48508358,0.49418014,15,18,0.5454545454545454,676433,11,126245,11,0.5,8.712457229755417e-05,8.712457229755417e-05
