Index,len,Filename,min,max,Neg,Pos,$\frac{\text{Pos}}{\text{Neg}+\text{Pos}}$,TN,FP,FN,TP,Prec,Rec,FP/P
39,63,BRFC_alpha_0_5_1_0_0_0_Hard,0.65,0.6595,5331,2401,0.31052767718572166,618269,58175,67531,58725,0.5023524379811805,0.46512640983398806,0.4607701812191104
95,108,BRFC_alpha_0_5_1_0_0_0_Medium,0.81,0.8199999999999998,2567,1884,0.42327566838912606,658379,18065,108045,18211,0.5020123497629286,0.14423868964643263,0.1430823089595742
122,126,BRFC_alpha_0_5_1_0_0_0_Easy,0.9101785714285714,0.9244444444444444,1210,1000,0.45248868778280543,673026,3418,122976,3280,0.4896984174380412,0.025978963375997973,0.027071980737549108
85,118,KBFC_alpha_0_5_gamma_0_0_1_0_0_0_Hard,0.34199527,0.3475693,1760,1000,0.36231884057971014,636297,40147,85889,40367,0.501366222023499,0.3197234190850336,0.3179809276390825
112,125,KBFC_alpha_0_5_gamma_0_0_1_0_0_0_Medium,0.4363191,0.44631088,1377,1000,0.4206983592763988,663267,13177,112970,13286,0.5020594792729471,0.10523064250411862,0.10436731719680649
125,127,KBFC_alpha_0_5_gamma_0_0_1_0_0_0_Easy,0.3796221,0.40279156,1584,1005,0.388180764774044,674923,1521,125255,1001,0.39690721649484534,0.00792833607907743,0.012046952224052719
