Index,len,Filename,min,max,Neg,Pos,$\frac{\text{Pos}}{\text{Neg}+\text{Pos}}$,TN,FP,FN,TP,Prec,Rec,FP/P
115,125,BRFC_alpha_0_5_0_0_1_1_Hard,0.87,0.8798095238095237,733,1540,0.6775186977562693,673389,3055,116637,9619,0.7589553416443112,0.07618647826637942,0.024196869851729818
656,661,BRFC_alpha_0_5_0_0_1_1_Medium,0.96,0.9603809523809522,215,426,0.6645865834633385,675738,706,124847,1409,0.6661938534278959,0.011159865669750349,0.005591813458370295
1239,1244,BRFC_alpha_0_5_0_0_1_1_Easy,0.976892857142857,0.981464285714286,100,161,0.6168582375478927,676011,433,125672,584,0.5742379547689282,0.004625522747433785,0.0034295399822582688
1148,1179,KBFC_alpha_0_5_gamma_0_0_0_0_1_1_Hard,0.70450467,0.70785207,100,204,0.6710526315789473,673444,3000,118153,8103,0.7298027560118887,0.06417912812064377,0.023761246990242048
1246,1248,KBFC_alpha_0_5_gamma_0_0_0_0_1_1_Medium,0.7210879,0.7448647,100,195,0.6610169491525424,676344,100,125988,268,0.7282608695652174,0.0021226713977949563,0.0007920415663414016
1247,1248,KBFC_alpha_0_5_gamma_0_0_0_0_1_1_Easy,0.4681596,0.5063206,113,101,0.4719626168224299,676444,0,126256,0,,0.0,0.0
