Index,len,Filename,min,max,Neg,Pos,$\frac{\text{Pos}}{\text{Neg}+\text{Pos}}$,TN,FP,FN,TP,Prec,Rec,FP/P
77,125,BRFC_alpha_0_5_0_0_1_1_Hard,0.66,0.6644999999999999,5041,2353,0.3182309981065729,620173,56271,69727,56529,0.5011436170212766,0.4477331770371309,0.4456897097959701
584,661,BRFC_alpha_0_5_0_0_1_1_Medium,0.8181666666666666,0.8199999999999998,202,100,0.33112582781456956,656704,19740,106526,19730,0.4998733215100076,0.15626980103915852,0.15634900519579267
1212,1244,BRFC_alpha_0_5_0_0_1_1_Easy,0.9210485625485624,0.9225974025974026,133,100,0.4291845493562232,672994,3450,122803,3453,0.5002172968274663,0.027349195285768596,0.027325434038778355
870,1179,KBFC_alpha_0_5_gamma_0_0_0_0_1_1_Hard,0.3684243,0.3690309,182,100,0.3546099290780142,637244,39200,87034,39222,0.5001402667618781,0.3106545431504245,0.31048029400582944
1123,1248,KBFC_alpha_0_5_gamma_0_0_0_0_1_1_Medium,0.44907218,0.45016262,157,100,0.38910505836575876,662497,13947,112336,13920,0.49951555603401876,0.1102521860347231,0.11046603725763528
1246,1248,KBFC_alpha_0_5_gamma_0_0_0_0_1_1_Easy,0.45310917,0.46800873,127,100,0.44052863436123346,676331,113,126155,101,0.4719626168224299,0.0007999619820048156,0.0008950069699657839
