Index,len,Filename,min,max,Neg,Pos,$\frac{\text{Pos}}{\text{Neg}+\text{Pos}}$,TN,FP,FN,TP,Prec,Rec,FP/P
333,362,BRFC_alpha_0_5_0_0_0_0_Hard,0.86,0.86,853,1737,0.6706563706563706,672512,3932,114200,12056,0.7540655491618714,0.09548853123811937,0.031143074388543912
2898,2909,BRFC_alpha_0_5_0_0_0_0_Medium,0.9675,0.9695833333333332,10,20,0.6666666666666666,675962,482,125272,984,0.6712141882673943,0.007793689012799392,0.0038176403497655557
11141,11147,BRFC_alpha_0_5_0_0_0_0_Easy,0.9933888888888888,0.9948888888888888,10,20,0.6666666666666666,676241,203,125985,271,0.5717299578059072,0.0021464326447851985,0.0016078443796730452
10772,11589,KBFC_alpha_0_5_gamma_0_0_0_0_0_0_Hard,0.5811772,0.58135587,10,20,0.6666666666666666,668050,8394,109833,16423,0.661764113309425,0.13007698644024837,0.06648396907869725
12327,12328,KBFC_alpha_0_5_gamma_0_0_0_0_0_0_Medium,0.82780653,0.8737503,10,20,0.6666666666666666,676444,0,126256,0,,0.0,0.0
11179,11185,KBFC_alpha_0_5_gamma_0_0_0_0_0_0_Easy,0.47096086,0.47445267,10,20,0.6666666666666666,676376,68,126205,51,0.42857142857142855,0.0004039411988341148,0.000538588265112153
