Index,len,Filename,min,max,Neg,Pos,$\frac{\text{Pos}}{\text{Neg}+\text{Pos}}$,TN,FP,FN,TP,Prec,Rec,FP/P
294,362,BRFC_alpha_0_5_0_0_0_0_Hard,0.79,0.7923333333333333,1896,2167,0.5333497415702683,663256,13188,99757,26499,0.6676997505480384,0.209883094664808,0.10445444176910404
2895,2909,BRFC_alpha_0_5_0_0_0_0_Medium,0.9633333333333332,0.9649166666666664,12,20,0.625,675918,526,125209,1047,0.6656071201525747,0.008292675199594474,0.004166138638955773
11145,11147,BRFC_alpha_0_5_0_0_0_0_Easy,0.9983333333333332,0.999090909090909,11,12,0.5217391304347826,676308,136,126045,211,0.6080691642651297,0.0016712077049803574,0.001077176530224306
10823,11589,KBFC_alpha_0_5_gamma_0_0_0_0_0_0_Hard,0.58986974,0.5901878,10,28,0.7368421052631579,668589,7855,110523,15733,0.6669916906901815,0.12461189963249271,0.0622148650361171
12284,12328,KBFC_alpha_0_5_gamma_0_0_0_0_0_0_Medium,0.68968326,0.6909636,10,24,0.7058823529411765,676013,431,125392,864,0.6671814671814672,0.00684323913318971,0.003413699150931441
11181,11185,KBFC_alpha_0_5_gamma_0_0_0_0_0_0_Easy,0.47715938,0.48282292,23,10,0.30303030303030304,676411,33,126225,31,0.484375,0.0002455328855658345,0.00026137371689266255
