Index,len,Filename,p,Neg,Pos,$\frac{\text{Pos}}{\text{Neg}+\text{Pos}}$,TN,FP,FN,TP,Prec,FP/P
2687,3021,BRFC_alpha_0_5_1_1_0_0_Hard.csv,0.8396666666666667,1,0,0.0,669790,6654,109364,16892,0.7174042300178374,0.05270244582435686
34997,36385,BRFC_alpha_0_5_1_1_0_0_Medium.csv,0.88,585,795,0.5760869565217391,670349,6095,118287,7969,0.5666240045506257,0.048274933468508426
159037,164451,BRFC_alpha_0_5_1_1_0_0_Easy.csv,0.8946782396347613,0,1,1.0,670131,6313,120779,5477,0.4645462256149279,0.05000158408313268
