Index,len,Filename,min,max,Neg,Pos,$\frac{\text{Pos}}{\text{Neg}+\text{Pos}}$,TN,FP,FN,TP,Prec,Rec,FP/P
58,62,BRFC_alpha_0_5_1_1_0_0_Hard.csv,0.85,0.8694523809523809,1866,3674,0.6631768953068592,672805,3639,115028,11228,0.7552297033698796,0.08893042706881257,0.028822392599163603
107,108,BRFC_alpha_0_5_1_1_0_0_Medium.csv,0.95,1.0,1065,2030,0.6558966074313409,676444,0,126256,0,,0.0,0.0
125,126,BRFC_alpha_0_5_1_1_0_0_Easy.csv,0.9628571428571427,1.0,1001,1283,0.5617338003502627,676444,0,126256,0,,0.0,0.0
