Index,len,Filename,min,max,Neg,Pos,$\frac{\text{Pos}}{\text{Neg}+\text{Pos}}$,TN,FP,FN,TP,Prec,Rec,FP/P
38,62,BRFC_alpha_0_5_1_1_0_0_Hard.csv,0.65,0.6593333333333333,5171,2363,0.31364481019378815,618712,57732,67827,58429,0.5030001463486024,0.4627819667976175,0.457261437080218
95,108,BRFC_alpha_0_5_1_1_0_0_Medium.csv,0.81,0.8199999999999998,2660,1794,0.40278401436910644,658384,18060,107804,18452,0.5053680981595092,0.1461475098213154,0.14304270688125711
122,126,BRFC_alpha_0_5_1_1_0_0_Easy.csv,0.9099175020885544,0.9244945887445888,1292,1000,0.4363001745200698,673059,3385,122973,3283,0.4923515296940612,0.026002724622988214,0.026810607020656445
