Index,len,Filename,min,max,Neg,Pos,$\frac{\text{Pos}}{\text{Neg}+\text{Pos}}$,TN,FP,FN,TP,Prec,Rec,FP/P
98,121,BRFC_alpha_0_5_0_0_0_1_Hard,0.7833333333333334,0.7897222222222223,107,108,0.5023255813953489,661289,15155,99291,26965,0.6401946818613485,0.21357400836395893,0.12003389937903941
597,634,BRFC_alpha_0_5_0_0_0_1_Medium,0.875,0.8761666666666668,188,189,0.5013262599469496,668894,7550,116306,9950,0.5685714285714286,0.07880813585096946,0.05979913825877582
1227,1243,BRFC_alpha_0_5_0_0_0_1_Easy,0.95,0.9516666666666664,102,102,0.5,674869,1575,124445,1811,0.534849379799173,0.014343872766442783,0.012474654669877076
1090,1178,KBFC_alpha_0_5_gamma_0_0_0_0_0_1_Hard,0.5690076,0.57050544,100,100,0.5,667733,8711,109520,16736,0.6576806696270681,0.13255607654289697,0.0689947408439995
1200,1247,KBFC_alpha_0_5_gamma_0_0_0_0_0_1_Medium,0.5357908,0.5374739,100,100,0.5,671716,4728,120222,6034,0.5606764541906709,0.04779178811304017,0.03744772525662147
1246,1247,KBFC_alpha_0_5_gamma_0_0_0_0_0_1_Easy,0.46710396,0.50817347,114,100,0.4672897196261682,676444,0,126256,0,,0.0,0.0
