Index,len,Filename,min,max,Neg,Pos,$\frac{\text{Pos}}{\text{Neg}+\text{Pos}}$,TN,FP,FN,TP,Prec,Rec,FP/P
43,121,BRFC_alpha_0_5_0_0_0_1_Hard,0.5033333333333333,0.509595238095238,621,100,0.13869625520110956,490344,186100,33830,92426,0.3318397564320746,0.7320523381067039,1.4739893549613483
352,634,BRFC_alpha_0_5_0_0_0_1_Medium,0.595,0.5956190476190476,968,254,0.2078559738134206,545909,130535,61079,65177,0.3330250572269457,0.5162289316943354,1.0338914586237486
985,1243,BRFC_alpha_0_5_0_0_0_1_Easy,0.7363384115884115,0.7367857142857143,253,103,0.2893258426966292,624001,52443,100066,26190,0.3330662698866888,0.20743568622481307,0.41537035863642124
454,1178,KBFC_alpha_0_5_gamma_0_0_0_0_0_1_Hard,0.18648724,0.18681099,414,100,0.19455252918287938,514542,161902,45420,80836,0.33301749211083553,0.6402547205677354,1.282331136738056
731,1247,KBFC_alpha_0_5_gamma_0_0_0_0_0_1_Medium,0.22309989,0.22341241,354,100,0.22026431718061673,569988,106456,73143,53113,0.3328528724250951,0.42067703713090865,0.8431757698644025
1099,1247,KBFC_alpha_0_5_gamma_0_0_0_0_0_1_Easy,0.29278064,0.2932173,250,101,0.28774928774928776,646767,29677,111432,14824,0.33311610975034267,0.11741224179444937,0.23505417564313774
