Index,len,Filename,min,max,Neg,Pos,$\frac{\text{Pos}}{\text{Neg}+\text{Pos}}$,TN,FP,FN,TP,Prec,Rec,FP/P
23,63,BRFC_alpha_0_5_0_1_1_1_Hard,0.5,0.5099999999999999,11479,2000,0.14837895986349137,489622,186822,33584,92672,0.33157062405633037,0.7340007603599037,1.4797078950703333
57,113,BRFC_alpha_0_5_0_1_1_1_Medium,0.5933333333333334,0.5999999999999999,3837,1030,0.21162934045613313,547712,128732,61678,64578,0.33406445605504115,0.5114846027119503,1.019610949182613
99,126,BRFC_alpha_0_5_0_1_1_1_Easy,0.7309211233211234,0.7363878066378068,2594,1001,0.278442280945758,623837,52607,99964,26292,0.33323616268900746,0.2082435686224813,0.41666930680522113
47,119,KBFC_alpha_0_5_gamma_0_0_0_1_1_1_Hard,0.18574448,0.18929003,4522,1000,0.18109380659181457,519040,157404,47130,79126,0.33452838963345033,0.6267108097832974,1.2467051070840198
73,125,KBFC_alpha_0_5_gamma_0_0_0_1_1_1_Medium,0.22141054,0.22448076,3412,1000,0.22665457842248413,571809,104635,73923,52333,0.3333991641608481,0.4144991129134457,0.8287526929413256
111,127,KBFC_alpha_0_5_gamma_0_0_0_1_1_1_Easy,0.28860217,0.2923748,2397,1000,0.2943773918163085,646362,30082,111242,15014,0.33293418485009757,0.11891712077049804,0.23826194398682043
