Index,len,Filename,min,max,Neg,Pos,$\frac{\text{Pos}}{\text{Neg}+\text{Pos}}$,TN,FP,FN,TP,Prec,Rec,FP/P
94,114,BRFC_alpha_0_5_1_1_0_0_Hard,0.782142857142857,0.789,100,101,0.5024875621890548,661957,14487,98435,27821,0.6575824903091614,0.22035388417184135,0.11474306171587885
514,566,BRFC_alpha_0_5_1_1_0_0_Medium,0.84,0.8408928571428572,1040,1054,0.5033428844317096,663986,12458,112349,13907,0.5274796131234591,0.11014922063109872,0.09867253833481181
1221,1242,BRFC_alpha_0_5_1_1_0_0_Easy,0.9386944444444444,0.940126984126984,100,100,0.5,674202,2242,123907,2349,0.511653234589414,0.018605056393359524,0.017757571917374225
1055,1179,KBFC_alpha_0_5_gamma_0_0_1_1_0_0_Hard,0.53594345,0.5368863,100,100,0.5,664050,12394,105650,20606,0.6244242424242424,0.1632080851603092,0.09816563173235332
1168,1248,KBFC_alpha_0_5_gamma_0_0_1_1_0_0_Medium,0.48208266,0.48321083,100,100,0.5,668212,8232,116845,9411,0.533412684917531,0.0745390318083893,0.06520086174122418
1229,1249,KBFC_alpha_0_5_gamma_0_0_1_1_0_0_Easy,0.3797087,0.38108915,120,101,0.45701357466063347,673480,2964,124350,1906,0.39137577002053386,0.015096312254467115,0.023476112026359144
