Index,len,Filename,min,max,Neg,Pos,$\frac{\text{Pos}}{\text{Neg}+\text{Pos}}$,TN,FP,FN,TP,Prec,Rec,FP/P
40,114,BRFC_alpha_0_5_1_1_0_0_Hard,0.49,0.4999999999999999,11847,1887,0.13739624290083005,483783,192661,31671,94585,0.32928221802914576,0.7491525155240147,1.5259552021290077
317,566,BRFC_alpha_0_5_1_1_0_0_Medium,0.595,0.5966666666666666,1344,342,0.20284697508896798,547822,128622,62019,64237,0.3330775333274568,0.5087837409707261,1.0187397034596375
992,1242,BRFC_alpha_0_5_1_1_0_0_Easy,0.7387118437118437,0.7393791486291486,288,100,0.25773195876288657,625593,50851,100858,25398,0.3330928930215478,0.20116271701938918,0.40276105690026615
455,1179,KBFC_alpha_0_5_gamma_0_0_1_1_0_0_Hard,0.18583505,0.18617249,443,100,0.1841620626151013,514859,161585,45591,80665,0.3329824561403509,0.6389003294892917,1.2798203649727538
728,1248,KBFC_alpha_0_5_gamma_0_0_1_1_0_0_Medium,0.22690816,0.22719972,329,100,0.2331002331002331,569368,107076,72822,53434,0.33290137686125476,0.42321949055886454,0.8480864275757192
1101,1249,KBFC_alpha_0_5_gamma_0_0_1_1_0_0_Easy,0.28916645,0.28948972,235,100,0.29850746268656714,646744,29700,111432,14824,0.33294403018596713,0.11741224179444937,0.23523634520339629
