Index,len,Filename,min,max,Neg,Pos,$\frac{\text{Pos}}{\text{Neg}+\text{Pos}}$,TN,FP,FN,TP,Prec,Rec,FP/P
67,114,BRFC_alpha_0_5_1_1_0_0_Hard,0.65,0.6513095238095238,4920,2263,0.315049422246972,618461,57983,67727,58529,0.5023431062894809,0.46357400836395896,0.4592494614117349
498,566,BRFC_alpha_0_5_1_1_0_0_Medium,0.8133333333333335,0.8149999999999998,201,110,0.3536977491961415,657558,18886,107350,18906,0.5002646062658763,0.14974337853250538,0.1495849702192371
1215,1242,BRFC_alpha_0_5_1_1_0_0_Easy,0.9277631535131534,0.9296264568764572,132,100,0.43103448275862066,673501,2943,123306,2950,0.5005939249957577,0.023365226207071346,0.023309783297427448
865,1179,KBFC_alpha_0_5_gamma_0_0_1_1_0_0_Hard,0.3755911,0.3762288,185,100,0.3508771929824561,636798,39646,86594,39662,0.5001008725475362,0.3141395260423267,0.31401279939171206
1121,1248,KBFC_alpha_0_5_gamma_0_0_1_1_0_0_Medium,0.4315849,0.43252444,156,100,0.390625,662333,14111,112133,14123,0.5002125097400297,0.11186003041439614,0.11176498542643518
1244,1249,KBFC_alpha_0_5_gamma_0_0_1_1_0_0_Easy,0.42491508,0.4316914,175,100,0.36363636363636365,675883,561,125855,401,0.41683991683991684,0.0031760866810290203,0.004443353187175263
