Index,len,Filename,min,max,Neg,Pos,$\frac{\text{Pos}}{\text{Neg}+\text{Pos}}$,TN,FP,FN,TP,Prec,Rec,FP/P
43,120,BRFC_alpha_0_5_0_1_0_1_Hard,0.5033333333333333,0.5095000000000001,574,108,0.15835777126099707,490490,185954,33663,92593,0.33241427838030924,0.7333750475224939,1.47283297427449
351,629,BRFC_alpha_0_5_0_1_0_1_Medium,0.595,0.5957142857142856,1055,258,0.1964965727341965,545921,130523,61092,65164,0.3330011702361424,0.516125966290711,1.0337964136357876
983,1241,BRFC_alpha_0_5_0_1_0_1_Easy,0.7356666666666666,0.7362688045117711,243,102,0.2956521739130435,623717,52727,99933,26323,0.33299177735610375,0.20848910150804714,0.4176197566848308
451,1178,KBFC_alpha_0_5_gamma_0_0_0_1_0_1_Hard,0.1757312,0.17607653,478,100,0.17301038062283736,514038,162406,45125,81131,0.3331362380254335,0.6425912431884425,1.2863230262324166
729,1247,KBFC_alpha_0_5_gamma_0_0_0_1_0_1_Medium,0.22079262,0.22104232,300,100,0.25,569700,106744,72984,53272,0.3329167083291671,0.42193638322139143,0.8454568495754657
1101,1247,KBFC_alpha_0_5_gamma_0_0_0_1_0_1_Easy,0.2936203,0.29397926,215,101,0.31962025316455694,647194,29250,111653,14603,0.3329988826306068,0.11566182993283487,0.23167215815485998
