Index,len,Filename,min,max,Neg,Pos,$\frac{\text{Pos}}{\text{Neg}+\text{Pos}}$,TN,FP,FN,TP,Prec,Rec,FP/P
73,120,BRFC_alpha_0_5_0_1_0_1_Hard,0.66,0.6633333333333333,4936,2313,0.3190784935853221,620883,55561,70267,55989,0.5019184222321829,0.4434561525788873,0.44006621467494617
549,629,BRFC_alpha_0_5_0_1_0_1_Medium,0.8108333333333333,0.8124999999999999,226,104,0.3151515151515151,655999,20445,105831,20425,0.49975532175189624,0.16177448992523127,0.16193289823849955
1211,1241,BRFC_alpha_0_5_0_1_0_1_Easy,0.923255189255189,0.92475,120,100,0.45454545454545453,673080,3364,122902,3354,0.4992557308722834,0.02656507413509061,0.02664427829172475
856,1178,KBFC_alpha_0_5_gamma_0_0_0_1_0_1_Hard,0.3562778,0.3568891,179,100,0.35842293906810035,635831,40613,85627,40629,0.5000984712340908,0.32179856798884804,0.32167184133823346
1124,1247,KBFC_alpha_0_5_gamma_0_0_0_1_0_1_Medium,0.43511373,0.4360647,115,100,0.46511627906976744,662673,13771,112495,13761,0.4998183931425251,0.10899283994424028,0.10907204410087441
1243,1247,KBFC_alpha_0_5_gamma_0_0_0_1_0_1_Easy,0.43559328,0.4436587,130,101,0.43722943722943725,676088,356,125956,300,0.4573170731707317,0.0023761246990242047,0.0028196679761753897
