Index,len,Filename,min,max,Neg,Pos,$\frac{\text{Pos}}{\text{Neg}+\text{Pos}}$,TN,FP,FN,TP,Prec,Rec,FP/P
102,120,BRFC_alpha_0_5_0_1_0_1_Hard,0.8025,0.8099999999999998,124,101,0.4488888888888889,665120,11324,103790,22466,0.6648712636874815,0.1779400582942593,0.08969078697250031
623,629,BRFC_alpha_0_5_0_1_0_1_Medium,0.95,0.9538809523809524,289,518,0.6418835192069393,675482,962,124357,1899,0.6637539321915414,0.015040869344823217,0.007619439868204283
1239,1241,BRFC_alpha_0_5_0_1_0_1_Easy,0.99,0.999,134,203,0.6023738872403561,676322,122,126047,209,0.6314199395770392,0.0016553668736535294,0.0009662907109365099
1098,1178,KBFC_alpha_0_5_gamma_0_0_0_1_0_1_Hard,0.57519877,0.5769002,100,132,0.5689655172413793,668544,7900,110460,15796,0.6666103983794733,0.1251108858192878,0.06257128374097072
1241,1247,KBFC_alpha_0_5_gamma_0_0_0_1_0_1_Medium,0.66633433,0.67488074,100,150,0.6,675944,500,125278,978,0.6617050067658998,0.007746166518818908,0.003960207831707008
1243,1247,KBFC_alpha_0_5_gamma_0_0_0_1_0_1_Easy,0.43559328,0.4436587,130,101,0.43722943722943725,676088,356,125956,300,0.4573170731707317,0.0023761246990242047,0.0028196679761753897
