Index,len,Filename,min,max,Neg,Pos,$\frac{\text{Pos}}{\text{Neg}+\text{Pos}}$,TN,FP,FN,TP,Prec,Rec,FP/P
52,62,BRFC_alpha_0_5_0_0_0_0_Hard.csv,0.79,0.7998333333333334,2004,2275,0.5316662771675625,663364,13080,99865,26391,0.6686174659876871,0.2090276897731593,0.10359903687745532
107,109,BRFC_alpha_0_5_0_0_0_0_Medium.csv,0.9262142857142858,0.9498809523809524,1000,1493,0.5988768551945447,675368,1076,124299,1957,0.6452357401912298,0.015500253453301228,0.008522367253833481
124,126,BRFC_alpha_0_5_0_0_0_0_Easy.csv,0.9433333333333336,0.9635833333333332,1037,1002,0.491417361451692,675442,1002,125015,1241,0.5532768613464111,0.009829235838296793,0.007936256494740845
109,118,KBFC_alpha_0_5_gamma_0_0_0_0_0_0_Hard.csv,0.5721752,0.5877536,1000,1209,0.5473064735174287,668444,8000,110331,15925,0.6656217345872518,0.1261326194398682,0.06336332530731213
123,125,KBFC_alpha_0_5_gamma_0_0_0_0_0_0_Medium.csv,0.6068903,0.647021,1000,1263,0.5581087052585064,675444,1000,124496,1760,0.6376811594202898,0.013939931567608668,0.007920415663414017
125,127,KBFC_alpha_0_5_gamma_0_0_0_0_0_0_Easy.csv,0.38157535,0.40491256,1627,1000,0.3806623524933384,674998,1446,125256,1000,0.4088307440719542,0.007920415663414017,0.011452921049296667
