Index,len,Filename,min,max,Neg,Pos,$\frac{\text{Pos}}{\text{Neg}+\text{Pos}}$,TN,FP,FN,TP,Prec,Rec,FP/P
97,121,BRFC_alpha_0_5_1_0_1_1_Hard,0.77,0.7743333333333333,2257,2291,0.5037379067722075,658932,17512,96583,29673,0.6288651054360496,0.2350224939804841,0.13870231909770625
650,666,BRFC_alpha_0_5_1_0_1_1_Medium,0.9216666666666667,0.9241666666666666,102,102,0.5,673755,2689,121977,4279,0.6140929965556832,0.03389145862374857,0.02129799771892029
1228,1243,BRFC_alpha_0_5_1_0_1_1_Easy,0.949686507936508,0.9518333333333334,105,103,0.4951923076923077,674939,1505,124499,1757,0.5386266094420601,0.013916170320618426,0.011920225573438093
952,1180,KBFC_alpha_0_5_gamma_0_0_1_0_1_1_Hard,0.43575478,0.43626508,100,100,0.5,650751,25693,95242,31014,0.5469166064154337,0.24564377138512228,0.2034992396400963
1186,1249,KBFC_alpha_0_5_gamma_0_0_1_0_1_1_Medium,0.5133211,0.51476014,100,100,0.5,670097,6347,118669,7587,0.5444954786852304,0.06009219363832214,0.050270878215688757
1241,1247,KBFC_alpha_0_5_gamma_0_0_1_0_1_1_Easy,0.4192291,0.42424896,126,101,0.44493392070484583,675704,740,125756,500,0.4032258064516129,0.003960207831707008,0.005861107590926372
