Index,len,Filename,min,max,Neg,Pos,$\frac{\text{Pos}}{\text{Neg}+\text{Pos}}$,TN,FP,FN,TP,Prec,Rec,FP/P
75,121,BRFC_alpha_0_5_1_0_1_1_Hard,0.66,0.6643333333333333,5061,2346,0.31672742000810045,620598,55846,69864,56392,0.502432331295996,0.4466480800912432,0.4423235331390191
582,666,BRFC_alpha_0_5_1_0_1_1_Medium,0.815,0.8158333333333333,291,207,0.41566265060240964,656277,20167,106107,20149,0.49977676356781425,0.159588455202129,0.15973102268407047
1217,1243,BRFC_alpha_0_5_1_0_1_1_Easy,0.9291309523809524,0.9310331890331888,181,100,0.35587188612099646,673609,2835,123391,2865,0.5026315789473684,0.022691990875681155,0.022454378405778734
870,1180,KBFC_alpha_0_5_gamma_0_0_1_0_1_1_Hard,0.3781842,0.378806,198,100,0.33557046979865773,637276,39168,87042,39214,0.5002934347171545,0.31059117982511725,0.31022684070460016
1119,1249,KBFC_alpha_0_5_gamma_0_0_1_0_1_1_Medium,0.43691203,0.43804514,172,100,0.36764705882352944,662109,14335,111939,14317,0.49968588580203827,0.11339659105309846,0.11353915853503992
1244,1247,KBFC_alpha_0_5_gamma_0_0_1_0_1_1_Easy,0.43856704,0.4500182,168,100,0.373134328358209,676165,279,126056,200,0.4175365344467641,0.0015840831326828031,0.0022097959700925103
