Index,len,Filename,min,max,Neg,Pos,$\frac{\text{Pos}}{\text{Neg}+\text{Pos}}$,TN,FP,FN,TP,Prec,Rec,FP/P
97,120,BRFC_alpha_0_5_1_1_1_1_Hard,0.78,0.7835,2105,2161,0.5065635255508674,661259,15185,99094,27162,0.6414149762675042,0.2151343302496515,0.12027151184894183
627,658,BRFC_alpha_0_5_1_1_1_1_Medium,0.8856666666666666,0.8868809523809523,100,100,0.5,670133,6311,117722,8534,0.5748736948467498,0.06759282727157521,0.04998574325180585
1228,1243,BRFC_alpha_0_5_1_1_1_1_Easy,0.949686507936508,0.9518333333333334,105,103,0.4951923076923077,674939,1505,124499,1757,0.5386266094420601,0.013916170320618426,0.011920225573438093
1003,1179,KBFC_alpha_0_5_gamma_0_0_1_1_1_1_Hard,0.47861898,0.47942877,100,100,0.5,658036,18408,100400,25856,0.5841315741912163,0.2047902673932328,0.1457990115321252
1197,1249,KBFC_alpha_0_5_gamma_0_0_1_1_1_1_Medium,0.53120446,0.53269565,100,100,0.5,671302,5142,119832,6424,0.5554210617326647,0.05088075022177164,0.04072677734127487
1241,1247,KBFC_alpha_0_5_gamma_0_0_1_1_1_1_Easy,0.4192291,0.42424896,126,101,0.44493392070484583,675704,740,125756,500,0.4032258064516129,0.003960207831707008,0.005861107590926372
