Index,len,Filename,min,max,Neg,Pos,$\frac{\text{Pos}}{\text{Neg}+\text{Pos}}$,TN,FP,FN,TP,Prec,Rec,FP/P
617,1235,BRFC_alpha_0_5_0_1_0_0_Hard,0.63625,0.63625,1,1,0.5,607642,68802,62635,63621,0.4804376883169842,0.5039047649220632,0.5449404384742111
9334,12401,BRFC_alpha_0_5_0_1_0_0_Medium,0.7215833333333334,0.7215952380952381,1,1,0.5,625106,51338,89175,37081,0.4193781879460297,0.29369693321505513,0.40661829932834875
52420,63564,BRFC_alpha_0_5_0_1_0_0_Easy,0.7692619047619046,0.7692690365190364,2,2,0.5,639107,37337,105961,20295,0.35214811215991115,0.16074483588898744,0.29572455962488914
105746,105747,KBFC_alpha_0_5_gamma_0_0_0_1_0_0_Hard,0.9721014,0.9771113,1,1.0,0.5,676444,0,126256.0,0.0,,0.0,0.0
112022,112023,KBFC_alpha_0_5_gamma_0_0_0_1_0_0_Medium,0.8650836,0.9025089,1,5.0,0.8333333333333334,676444,0,126256.0,0.0,,0.0,0.0
64988,64989,KBFC_alpha_0_5_gamma_0_0_0_1_0_0_Easy,0.50974643,0.50995547,1,3.0,0.75,676444,0,126256.0,0.0,,0.0,0.0
