Index,len,Filename,min,max,Neg,Pos,$\frac{\text{Pos}}{\text{Neg}+\text{Pos}}$,TN,FP,FN,TP,Prec,Rec,FP/P
1140,1235,BRFC_alpha_0_5_0_1_0_0_Hard,0.8825,0.8825000000000002,2,4,0.6666666666666666,674163,2281,118046,8210,0.7825755409398532,0.06502661259662908,0.01806646812824737
5739,12401,BRFC_alpha_0_5_0_1_0_0_Medium,0.5381666666666666,0.5381666666666666,1,2,0.6666666666666666,494899,181545,49737,76519,0.29651171802343607,0.6060622861487771,1.4379118616144975
59083,63564,BRFC_alpha_0_5_0_1_0_0_Easy,0.8597734487734487,0.8597734487734487,1,2,0.6666666666666666,664695,11749,117636,8620,0.4231921056507438,0.06827398301862882,0.09305696362945128
105746,105747,KBFC_alpha_0_5_gamma_0_0_0_1_0_0_Hard,0.9721014,0.9771113,1,1.0,0.5,676444,0,126256.0,0.0,,0.0,0.0
112022,112023,KBFC_alpha_0_5_gamma_0_0_0_1_0_0_Medium,0.8650836,0.9025089,1,5.0,0.8333333333333334,676444,0,126256.0,0.0,,0.0,0.0
64988,64989,KBFC_alpha_0_5_gamma_0_0_0_1_0_0_Easy,0.50974643,0.50995547,1,3.0,0.75,676444,0,126256.0,0.0,,0.0,0.0
