Index,len,Filename,min,max,Neg,Pos,$\frac{\text{Pos}}{\text{Neg}+\text{Pos}}$,TN,FP,FN,TP,Prec,Rec,FP/P
642,1235,BRFC_alpha_0_5_0_1_0_0_Hard,0.6509999999999999,0.6512619047619048,1,3,0.75,618305,58139,67348,58908,0.5032850051688638,0.46657584590039286,0.46048504625522746
10901,12401,BRFC_alpha_0_5_0_1_0_0_Medium,0.8148333333333333,0.8149999999999998,7,2,0.2222222222222222,657558,18886,107378,18878,0.4998940790170533,0.1495216068939298,0.1495849702192371
62105,63564,BRFC_alpha_0_5_0_1_0_0_Easy,0.925197324777046,0.9252103174603172,5,3,0.375,673119,3325,122932,3324,0.4999248007219131,0.02632746166518819,0.026335382080851604
105746,105747,KBFC_alpha_0_5_gamma_0_0_0_1_0_0_Hard,0.9721014,0.9771113,1,1.0,0.5,676444,0,126256.0,0.0,,0.0,0.0
112022,112023,KBFC_alpha_0_5_gamma_0_0_0_1_0_0_Medium,0.8650836,0.9025089,1,5.0,0.8333333333333334,676444,0,126256.0,0.0,,0.0,0.0
64988,64989,KBFC_alpha_0_5_gamma_0_0_0_1_0_0_Easy,0.50974643,0.50995547,1,3.0,0.75,676444,0,126256.0,0.0,,0.0,0.0
