Index,len,Filename,min,max,Neg,Pos,$\frac{\text{Pos}}{\text{Neg}+\text{Pos}}$,TN,FP,FN,TP,Prec,Rec,FP/P
94,114,BRFC_alpha_0_5_1_1_1_0_Hard,0.79,0.7906666666666667,1866,2160,0.5365126676602087,663450,12994,100177,26079,0.6674429913239321,0.20655652008617412,0.10291788113040172
602,605,BRFC_alpha_0_5_1_1_1_0_Medium,0.97,0.9799981962481962,215,394,0.6469622331691297,676115,329,125600,656,0.665989847715736,0.0051957926751995944,0.0026058167532632113
1241,1243,BRFC_alpha_0_5_1_1_1_0_Easy,0.99,0.999,137,200,0.5934718100890207,676340,104,126060,196,0.6533333333333333,0.001552401470029147,0.0008237232289950577
1102,1180,KBFC_alpha_0_5_gamma_0_0_1_1_1_0_Hard,0.5835073,0.58566916,100,147,0.5951417004048583,668744,7700,110852,15404,0.6667243767313019,0.1220060828792295,0.060987200608287925
1244,1249,KBFC_alpha_0_5_gamma_0_0_1_1_1_0_Medium,0.66612023,0.677963,101,170,0.6273062730627307,676044,400,125458,798,0.666110183639399,0.006320491699404384,0.0031681662653656063
1244,1247,KBFC_alpha_0_5_gamma_0_0_1_1_1_0_Easy,0.43856704,0.4500182,168,100,0.373134328358209,676165,279,126056,200,0.4175365344467641,0.0015840831326828031,0.0022097959700925103
