Index,len,Filename,min,max,Neg,Pos,$\frac{\text{Pos}}{\text{Neg}+\text{Pos}}$,TN,FP,FN,TP,Prec,Rec,FP/P
41,118,BRFC_alpha_0_5_1_1_0_1_Hard,0.5,0.5099999999999999,11457,1894,0.14186203280653134,490816,185628,33527,92729,0.333129757828975,0.7344522240527183,1.470250918768217
356,639,BRFC_alpha_0_5_1_1_0_1_Medium,0.5936666666666668,0.5949880952380953,422,100,0.19157088122605365,545096,131348,60819,65437,0.3325304266077191,0.5182882397668229,1.0403307565581041
992,1242,BRFC_alpha_0_5_1_1_0_1_Easy,0.7387118437118437,0.7393791486291486,288,100,0.25773195876288657,625593,50851,100858,25398,0.3330928930215478,0.20116271701938918,0.40276105690026615
451,1178,KBFC_alpha_0_5_gamma_0_0_1_1_0_1_Hard,0.18884654,0.18924333,481,100,0.1721170395869191,514062,162382,45184,81072,0.3330074675298003,0.6421239386643011,1.2861329362564948
729,1248,KBFC_alpha_0_5_gamma_0_0_1_1_0_1_Medium,0.22832215,0.22860703,340,100,0.22727272727272727,569705,106739,72981,53275,0.33293961778344394,0.4219601444683817,0.8454172474971486
1101,1249,KBFC_alpha_0_5_gamma_0_0_1_1_0_1_Easy,0.28916645,0.28948972,235,100,0.29850746268656714,646744,29700,111432,14824,0.33294403018596713,0.11741224179444937,0.23523634520339629
