Index,len,Filename,min,max,Neg,Pos,$\frac{\text{Pos}}{\text{Neg}+\text{Pos}}$,TN,FP,FN,TP,Prec,Rec,FP/P
101,118,BRFC_alpha_0_5_1_1_0_1_Hard,0.8033333333333332,0.8098809523809524,102,123,0.5466666666666666,665184,11260,103769,22487,0.6663407117669718,0.17810638702319098,0.08918388037004182
635,639,BRFC_alpha_0_5_1_1_0_1_Medium,0.96,0.9698809523809524,283,556,0.6626936829558999,675834,610,125043,1213,0.6653867251782776,0.009607464199721201,0.004831453554682549
1240,1242,BRFC_alpha_0_5_1_1_0_1_Easy,0.990625,0.9991666666666668,100,119,0.54337899543379,676324,120,126045,211,0.6374622356495468,0.0016712077049803574,0.0009504498796096819
1099,1178,KBFC_alpha_0_5_gamma_0_0_1_1_0_1_Hard,0.59850776,0.6003411,100,111,0.5260663507109005,668644,7800,110594,15662,0.6675475236552724,0.12404955012039032,0.06177924217462932
1243,1248,KBFC_alpha_0_5_gamma_0_0_1_1_0_1_Medium,0.6814769,0.6922689,100,170,0.6296296296296297,676044,400,125445,811,0.6696944673823286,0.0064234571030287665,0.0031681662653656063
1244,1249,KBFC_alpha_0_5_gamma_0_0_1_1_0_1_Easy,0.42491508,0.4316914,175,100,0.36363636363636365,675883,561,125855,401,0.41683991683991684,0.0031760866810290203,0.004443353187175263
