Index,len,Filename,p,Neg,Pos,$\frac{\text{Pos}}{\text{Neg}+\text{Pos}}$,TN,FP,FN,TP,Prec,FP/P
2704,3042,BRFC_alpha_0_5_1_0_0_0_Hard.csv,0.84,1074,1956,0.6455445544554456,670593,5851,110730,15526,0.7262946157084718,0.04634235204663541
34375,35742,BRFC_alpha_0_5_1_0_0_0_Medium.csv,0.88,589,778,0.5691294806144843,670372,6072,118518,7738,0.5603186097031136,0.0480927639082499
159001,164405,BRFC_alpha_0_5_1_0_0_0_Easy.csv,0.8952380952380953,2,1,0.3333333333333333,670132,6312,120811,5445,0.46312834906864,0.04999366366746927
