Index,len,Filename,min,max,Neg,Pos,$\frac{\text{Pos}}{\text{Neg}+\text{Pos}}$,TN,FP,FN,TP,Prec,Rec,FP/P
50,63,BRFC_alpha_0_5_1_0_0_0_Hard.csv,0.76,0.7691666666666667,2315,2343,0.5030055817947617,657039,19405,93261,32995,0.629675572519084,0.26133411481434543,0.15369566594854897
101,108,BRFC_alpha_0_5_1_0_0_0_Medium.csv,0.87,0.8799999999999999,1351,1398,0.5085485631138595,669783,6661,117740,8516,0.561112209264018,0.06745025978963376,0.05275788873400076
124,126,BRFC_alpha_0_5_1_0_0_0_Easy.csv,0.9414695027195026,0.9630595238095238,1157,1003,0.46435185185185185,675443,1001,124979,1277,0.5605794556628622,0.010114370802179699,0.00792833607907743
