Index,len,Filename,min,max,Neg,Pos,$\frac{\text{Pos}}{\text{Neg}+\text{Pos}}$,TN,FP,FN,TP,Prec,Rec,FP/P
39,63,BRFC_alpha_0_5_1_0_0_0_Hard.csv,0.65,0.6595,5331,2401,0.31052767718572166,618269,58175,67531,58725,0.5023524379811805,0.46512640983398806,0.4607701812191104
95,108,BRFC_alpha_0_5_1_0_0_0_Medium.csv,0.81,0.8199999999999998,2567,1884,0.42327566838912606,658379,18065,108045,18211,0.5020123497629286,0.14423868964643263,0.1430823089595742
122,126,BRFC_alpha_0_5_1_0_0_0_Easy.csv,0.9101785714285714,0.9244444444444444,1210,1000,0.45248868778280543,673026,3418,122976,3280,0.4896984174380412,0.025978963375997973,0.027071980737549108
