Index,len,Filename,min,max,Neg,Pos,$\frac{\text{Pos}}{\text{Neg}+\text{Pos}}$,TN,FP,FN,TP,Prec,Rec,FP/P
53,63,BRFC_alpha_0_5_1_0_0_0_Hard.csv,0.79,0.7996666666666666,1952,2283,0.5390791027154663,663297,13147,100141,26115,0.6651469614385411,0.20684165505005703,0.10412970472690407
106,108,BRFC_alpha_0_5_1_0_0_0_Medium.csv,0.929902958152958,0.9498333333333332,1000,1438,0.5898277276456112,675370,1074,124275,1981,0.6484451718494272,0.015690343429223166,0.008506526422506653
124,126,BRFC_alpha_0_5_1_0_0_0_Easy.csv,0.9414695027195026,0.9630595238095238,1157,1003,0.46435185185185185,675443,1001,124979,1277,0.5605794556628622,0.010114370802179699,0.00792833607907743
109,118,KBFC_alpha_0_5_gamma_0_0_1_0_0_0_Hard.csv,0.54884183,0.5652269,1000,1245,0.5545657015590201,668444,8000,110295,15961,0.6661241183590001,0.1264177544037511,0.06336332530731213
123,125,KBFC_alpha_0_5_gamma_0_0_1_0_0_0_Medium.csv,0.5975937,0.6410062,1000,1342,0.5730145175064048,675444,1000,124568,1688,0.6279761904761905,0.013369661639842859,0.007920415663414017
125,127,KBFC_alpha_0_5_gamma_0_0_1_0_0_0_Easy.csv,0.3796221,0.40279156,1584,1005,0.388180764774044,674923,1521,125255,1001,0.39690721649484534,0.00792833607907743,0.012046952224052719
