Index,len,Filename,min,max,Neg,Pos,$\frac{\text{Pos}}{\text{Neg}+\text{Pos}}$,TN,FP,FN,TP,Prec,Rec,FP/P
245,432,BRFC_alpha_0_5_1_1_1_1_Hard,0.66,0.6615000000000001,4941,2299,0.3175414364640884,620398,56046,70050,56206,0.5007126821793821,0.44517488277784817,0.44390761627170194
2918,3342,BRFC_alpha_0_5_1_1_1_1_Medium,0.8146666666666665,0.8149999999999998,29,10,0.2564102564102564,656085,20359,105931,20325,0.4995821453151116,0.16098244835888986,0.16125174249144594
10894,11099,BRFC_alpha_0_5_1_1_1_1_Easy,0.9300805322128852,0.93025,19,10,0.3448275862068966,673536,2908,123352,2904,0.49965588437715075,0.023000887086554303,0.02303256874920796
8666,11611,KBFC_alpha_0_5_gamma_0_0_1_1_1_1_Hard,0.3744985,0.37456846,27,10,0.2702702702702703,637041,39403,86847,39409,0.5000380652692483,0.31213566087948297,0.3120881383855025
11215,12318,KBFC_alpha_0_5_gamma_0_0_1_1_1_1_Medium,0.44565386,0.44575122,10,17,0.6296296296296297,663081,13363,112893,13363,0.5,0.10584051451020149,0.10584051451020149
11216,11219,KBFC_alpha_0_5_gamma_0_0_1_1_1_1_Easy,0.4789077,0.48495686,20,10,0.3333333333333333,676416,28,126232,24,0.46153846153846156,0.0001900899759219364,0.00022177163857559244
