Index,len,Filename,p,Neg,Pos,$\frac{\text{Pos}}{\text{Neg}+\text{Pos}}$,TN,FP,FN,TP,Prec,FP/P
3045,3391,BRFC_alpha_0_5_1_0_0_1_Hard.csv,0.8399999999999999,1,1,0.5,669682,6762,110166,16090,0.704095921582356,0.05355785071600558
38890,40306,BRFC_alpha_0_5_1_0_0_1_Medium.csv,0.8846349206349207,2,0,0.0,670132,6312,117601,8655,0.5782721988374424,0.04999366366746927
159001,164405,BRFC_alpha_0_5_1_0_0_1_Easy.csv,0.8952380952380953,2,1,0.3333333333333333,670132,6312,120811,5445,0.46312834906864,0.04999366366746927
761342,781281,KBFC_alpha_0_5_gamma_0_0_1_0_0_1_Hard.csv,0.5945422,0,1,1.0,670131,6313,112509,13747,0.6852941176470588,0.05000158408313268
714834,728344,KBFC_alpha_0_5_gamma_0_0_1_0_0_1_Medium.csv,0.5104919,1,0,0.0,670131,6313,118705,7551,0.5446480092325447,0.05000158408313268
172392,177330,KBFC_alpha_0_5_gamma_0_0_1_0_0_1_Easy.csv,0.35321888,4,0,0.0,670133,6311,122422,3834,0.3779201577131592,0.04998574325180585
