Index,len,Filename,min,max,Neg,Pos,$\frac{\text{Pos}}{\text{Neg}+\text{Pos}}$,TN,FP,FN,TP,Prec,Rec,FP/P
1367,1368,BRFC_alpha_0_5_1_1_0_1_Hard,1.0,1.0,9,146.0,0.9419354838709677,676444,0,126256.0,0.0,,0.0,0.0
4853,14022,BRFC_alpha_0_5_1_1_0_1_Medium,0.4736666666666666,0.4736666666666666,2,2,0.5,427036,249408,36889,89367,0.2637945539074607,0.7078237865923204,1.9754150297807629
50267,63643,BRFC_alpha_0_5_1_1_0_1_Easy,0.7449761904761903,0.7449761904761906,2,2,0.5,628080,48364,101815,24441,0.33570496531831606,0.19358287922950196,0.3830629831453555
105955,105956,KBFC_alpha_0_5_gamma_0_0_1_1_0_1_Hard,0.975431,0.97916293,1,1.0,0.5,676444,0,126256.0,0.0,,0.0,0.0
111805,111806,KBFC_alpha_0_5_gamma_0_0_1_1_0_1_Medium,0.87591034,0.8894927,1,1.0,0.5,676444,0,126256.0,0.0,,0.0,0.0
65089,65090,KBFC_alpha_0_5_gamma_0_0_1_1_0_1_Easy,0.50159866,0.517414,5,6.0,0.5454545454545454,676444,0,126256.0,0.0,,0.0,0.0
