Index,len,Filename,min,max,Neg,Pos,$\frac{\text{Pos}}{\text{Neg}+\text{Pos}}$,TN,FP,FN,TP,Prec,Rec,FP/P
1367,1368,BRFC_alpha_0_5_1_1_0_1_Hard,1.0,1.0,9,146.0,0.9419354838709677,676444,0,126256.0,0.0,,0.0,0.0
12818,14022,BRFC_alpha_0_5_1_1_0_1_Medium,0.8500674603174602,0.8500714285714285,1,2,0.6666666666666666,665008,11436,112961,13295,0.5375844082325826,0.10530192624508934,0.09057787352680269
40899,63643,BRFC_alpha_0_5_1_1_0_1_Easy,0.6511386113886114,0.6511386113886114,1,2,0.6666666666666666,570636,105808,83757,42499,0.2865609849838511,0.33660974527943227,0.8380433405145102
105955,105956,KBFC_alpha_0_5_gamma_0_0_1_1_0_1_Hard,0.975431,0.97916293,1,1.0,0.5,676444,0,126256.0,0.0,,0.0,0.0
111805,111806,KBFC_alpha_0_5_gamma_0_0_1_1_0_1_Medium,0.87591034,0.8894927,1,1.0,0.5,676444,0,126256.0,0.0,,0.0,0.0
65089,65090,KBFC_alpha_0_5_gamma_0_0_1_1_0_1_Easy,0.50159866,0.517414,5,6.0,0.5454545454545454,676444,0,126256.0,0.0,,0.0,0.0
