Index,len,Filename,min,max,Neg,Pos,$\frac{\text{Pos}}{\text{Neg}+\text{Pos}}$,TN,FP,FN,TP,Prec,Rec,FP/P
1367,1368,BRFC_alpha_0_5_1_1_0_1_Hard,1.0,1.0,9,146.0,0.9419354838709677,676444,0,126256.0,0.0,,0.0,0.0
12210,14022,BRFC_alpha_0_5_1_1_0_1_Medium,0.8115000000000001,0.811547619047619,8,6,0.42857142857142855,655971,20473,105788,20468,0.49993893651840454,0.1621150677987581,0.16215466987707514
62379,63643,BRFC_alpha_0_5_1_1_0_1_Easy,0.9293499555999551,0.9293499555999551,2,1,0.3333333333333333,673489,2955,123301,2955,0.5,0.023404828285388417,0.023404828285388417
105955,105956,KBFC_alpha_0_5_gamma_0_0_1_1_0_1_Hard,0.975431,0.97916293,1,1.0,0.5,676444,0,126256.0,0.0,,0.0,0.0
111805,111806,KBFC_alpha_0_5_gamma_0_0_1_1_0_1_Medium,0.87591034,0.8894927,1,1.0,0.5,676444,0,126256.0,0.0,,0.0,0.0
65089,65090,KBFC_alpha_0_5_gamma_0_0_1_1_0_1_Easy,0.50159866,0.517414,5,6.0,0.5454545454545454,676444,0,126256.0,0.0,,0.0,0.0
