Index,len,Filename,min,max,Neg,Pos,$\frac{\text{Pos}}{\text{Neg}+\text{Pos}}$,TN,FP,FN,TP,Prec,Rec,FP/P
1367,1368,BRFC_alpha_0_5_1_1_0_1_Hard,1.0,1.0,9,146.0,0.9419354838709677,676444,0,126256.0,0.0,,0.0,0.0
7669,14022,BRFC_alpha_0_5_1_1_0_1_Medium,0.595,0.595,815,222,0.21407907425265188,545911,130533,61041,65215,0.3331579377567076,0.5165299074895451,1.0338756177924218
49791,63643,BRFC_alpha_0_5_1_1_0_1_Easy,0.739520202020202,0.739520202020202,2,1,0.3333333333333333,625647,50797,100895,25361,0.33300506841040994,0.20086966163984285,0.4023333544544418
105955,105956,KBFC_alpha_0_5_gamma_0_0_1_1_0_1_Hard,0.975431,0.97916293,1,1.0,0.5,676444,0,126256.0,0.0,,0.0,0.0
111805,111806,KBFC_alpha_0_5_gamma_0_0_1_1_0_1_Medium,0.87591034,0.8894927,1,1.0,0.5,676444,0,126256.0,0.0,,0.0,0.0
65089,65090,KBFC_alpha_0_5_gamma_0_0_1_1_0_1_Easy,0.50159866,0.517414,5,6.0,0.5454545454545454,676444,0,126256.0,0.0,,0.0,0.0
