Index,len,Filename,min,max,Neg,Pos,$\frac{\text{Pos}}{\text{Neg}+\text{Pos}}$,TN,FP,FN,TP,Prec,Rec,FP/P
1367,1368,BRFC_alpha_0_5_1_1_0_1_Hard,1.0,1.0,9,146.0,0.9419354838709677,676444,0,126256.0,0.0,,0.0,0.0
13987,14022,BRFC_alpha_0_5_1_1_0_1_Medium,0.9741666666666668,0.9748928571428572,3,3,0.5,676048,396,125462,794,0.6672268907563025,0.006288810036750729,0.0031364846027119504
63639,63643,BRFC_alpha_0_5_1_1_0_1_Easy,0.9983333333333334,0.9983333333333334,4,1,0.2,676322,122,126034,222,0.6453488372093024,0.0017583322772779116,0.0009662907109365099
105955,105956,KBFC_alpha_0_5_gamma_0_0_1_1_0_1_Hard,0.975431,0.97916293,1,1.0,0.5,676444,0,126256.0,0.0,,0.0,0.0
111805,111806,KBFC_alpha_0_5_gamma_0_0_1_1_0_1_Medium,0.87591034,0.8894927,1,1.0,0.5,676444,0,126256.0,0.0,,0.0,0.0
65089,65090,KBFC_alpha_0_5_gamma_0_0_1_1_0_1_Easy,0.50159866,0.517414,5,6.0,0.5454545454545454,676444,0,126256.0,0.0,,0.0,0.0
