Index,len,Filename,min,max,Neg,Pos,$\frac{\text{Pos}}{\text{Neg}+\text{Pos}}$,TN,FP,FN,TP,Prec,Rec,FP/P
758,1264,BRFC_alpha_0_5_1_1_1_0_Hard,0.6890000000000001,0.6891666666666666,1,2,0.6666666666666666,632324,44120,74454,51802,0.5400429515648131,0.41029337219617285,0.3494487390698264
13032,13385,BRFC_alpha_0_5_1_1_1_0_Medium,0.9126666666666666,0.9126666666666666,1,2,0.6666666666666666,673326,3118,121628,4628,0.5974696617609089,0.036655683690280064,0.0246958560385249
13252,63587,BRFC_alpha_0_5_1_1_1_0_Easy,0.3726904761904761,0.3726904761904761,1,2,0.6666666666666666,243306,433138,21790,104466,0.19431775061197462,0.8274141426942085,3.43063299961982
106151,106152,KBFC_alpha_0_5_gamma_0_0_1_1_1_0_Hard,0.9568862,0.9810788,1,13.0,0.9285714285714286,676444,0,126256.0,0.0,,0.0,0.0
112275,112276,KBFC_alpha_0_5_gamma_0_0_1_1_1_0_Medium,0.8427536,0.8987984,1,7.0,0.875,676444,0,126256.0,0.0,,0.0,0.0
65129,65130,KBFC_alpha_0_5_gamma_0_0_1_1_1_0_Easy,0.49847233,0.52140087,6,6.0,0.5,676444,0,126256.0,0.0,,0.0,0.0
