Index,len,Filename,min,max,Neg,Pos,$\frac{\text{Pos}}{\text{Neg}+\text{Pos}}$,TN,FP,FN,TP,Prec,Rec,FP/P
1156,1264,BRFC_alpha_0_5_1_1_1_0_Hard,0.8657142857142857,0.8658333333333332,1,1,0.5,672679,3765,114571,11685,0.7563106796116504,0.09255005702699277,0.02982036497275377
12058,13385,BRFC_alpha_0_5_1_1_1_0_Medium,0.8338412698412699,0.833952380952381,2,2,0.5,661917,14527,110836,15420,0.5149096737569706,0.12213280952984412,0.1150598783424154
57438,63587,BRFC_alpha_0_5_1_1_1_0_Easy,0.8323678091344499,0.8323678091344499,3,3,0.5,658972,17472,114706,11550,0.3979739507959479,0.09148080091243188,0.13838550247116968
106151,106152,KBFC_alpha_0_5_gamma_0_0_1_1_1_0_Hard,0.9568862,0.9810788,1,13.0,0.9285714285714286,676444,0,126256.0,0.0,,0.0,0.0
112275,112276,KBFC_alpha_0_5_gamma_0_0_1_1_1_0_Medium,0.8427536,0.8987984,1,7.0,0.875,676444,0,126256.0,0.0,,0.0,0.0
65129,65130,KBFC_alpha_0_5_gamma_0_0_1_1_1_0_Easy,0.49847233,0.52140087,6,6.0,0.5,676444,0,126256.0,0.0,,0.0,0.0
