Index,len,Filename,min,max,Neg,Pos,$\frac{\text{Pos}}{\text{Neg}+\text{Pos}}$,TN,FP,FN,TP,Prec,Rec,FP/P
1009,1264,BRFC_alpha_0_5_1_1_1_0_Hard,0.7933333333333334,0.7940909090909091,5,11,0.6875,663467,12977,100210,26046,0.6674525279963098,0.20629514636928145,0.10278323406412368
13364,13385,BRFC_alpha_0_5_1_1_1_0_Medium,0.9775,0.9782857142857142,2,3,0.6,676111,333,125590,666,0.6666666666666666,0.005274996831833734,0.002637498415916867
63585,63587,BRFC_alpha_0_5_1_1_1_0_Easy,0.999,0.999,2,1,0.3333333333333333,676340,104,126060,196,0.6533333333333333,0.001552401470029147,0.0008237232289950577
106151,106152,KBFC_alpha_0_5_gamma_0_0_1_1_1_0_Hard,0.9568862,0.9810788,1,13.0,0.9285714285714286,676444,0,126256.0,0.0,,0.0,0.0
112275,112276,KBFC_alpha_0_5_gamma_0_0_1_1_1_0_Medium,0.8427536,0.8987984,1,7.0,0.875,676444,0,126256.0,0.0,,0.0,0.0
65129,65130,KBFC_alpha_0_5_gamma_0_0_1_1_1_0_Easy,0.49847233,0.52140087,6,6.0,0.5,676444,0,126256.0,0.0,,0.0,0.0
