Index,len,Filename,min,max,Neg,Pos,$\frac{\text{Pos}}{\text{Neg}+\text{Pos}}$,TN,FP,FN,TP,Prec,Rec,FP/P
379,1264,BRFC_alpha_0_5_1_1_1_0_Hard,0.4983333333333333,0.49875,11,2,0.15384615384615385,483946,192498,31783,94473,0.3292074808952821,0.7482654289697124,1.5246641743758713
7490,13385,BRFC_alpha_0_5_1_1_1_0_Medium,0.5981666666666666,0.5981666666666666,8,1,0.1111111111111111,548656,127788,62458,63798,0.33299927969684634,0.5053066784944874,1.0121340767963503
49706,63587,BRFC_alpha_0_5_1_1_1_0_Easy,0.7391935661461672,0.7391935661461672,8,1,0.1111111111111111,625498,50946,100823,25433,0.33298419722698647,0.20143993156760867,0.4035134963882905
106151,106152,KBFC_alpha_0_5_gamma_0_0_1_1_1_0_Hard,0.9568862,0.9810788,1,13.0,0.9285714285714286,676444,0,126256.0,0.0,,0.0,0.0
112275,112276,KBFC_alpha_0_5_gamma_0_0_1_1_1_0_Medium,0.8427536,0.8987984,1,7.0,0.875,676444,0,126256.0,0.0,,0.0,0.0
65129,65130,KBFC_alpha_0_5_gamma_0_0_1_1_1_0_Easy,0.49847233,0.52140087,6,6.0,0.5,676444,0,126256.0,0.0,,0.0,0.0
