Index,len,Filename,min,max,Neg,Pos,$\frac{\text{Pos}}{\text{Neg}+\text{Pos}}$,TN,FP,FN,TP,Prec,Rec,FP/P
220,393,BRFC_alpha_0_5_0_1_1_0_Hard,0.65,0.65,4933,2205,0.3089100588400112,618177,58267,67258,58998,0.5031168720419562,0.4672886833101001,0.46149885946014446
2707,3066,BRFC_alpha_0_5_0_1_1_0_Medium,0.8176666666666667,0.8179999999999998,23,11,0.3235294117647059,657824,18620,107639,18617,0.4999597174852969,0.14745437840577874,0.14747813965276899
10903,11146,BRFC_alpha_0_5_0_1_1_0_Easy,0.924,0.9241309523809524,10,20,0.6666666666666666,673109,3335,122920,3336,0.5000749512816669,0.026422506653149158,0.026414586237485743
11608,11609,KBFC_alpha_0_5_gamma_0_0_0_1_1_0_Hard,0.94403887,0.9889565,10,33.0,0.7674418604651163,676444,0,126256.0,0.0,,0.0,0.0
11173,12326,KBFC_alpha_0_5_gamma_0_0_0_1_1_0_Medium,0.43537688,0.4354761,13,10,0.43478260869565216,662542,13902,112357,13899,0.49994604510629115,0.1100858573057914,0.11010961855278165
11218,11220,KBFC_alpha_0_5_gamma_0_0_0_1_1_0_Easy,0.48508358,0.49418014,15,18,0.5454545454545454,676433,11,126245,11,0.5,8.712457229755417e-05,8.712457229755417e-05
