Index,len,Filename,min,max,Neg,Pos,$\frac{\text{Pos}}{\text{Neg}+\text{Pos}}$,TN,FP,FN,TP,Prec,Rec,FP/P
102,121,BRFC_alpha_0_5_0_1_1_1_Hard,0.8033333333333335,0.8099999999999998,106,105,0.4976303317535545,665025,11419,103340,22916,0.6674239114606088,0.18150424534279558,0.09044322646052465
630,652,BRFC_alpha_0_5_0_1_1_1_Medium,0.905,0.9066666666666666,149,149,0.5,672195,4249,120040,6216,0.5939799331103679,0.04923330376378152,0.03365384615384615
1211,1244,BRFC_alpha_0_5_0_1_1_1_Easy,0.9198138528138528,0.9210476190476188,101,101,0.5,672861,3583,122703,3553,0.49789798206278024,0.028141236852109997,0.028378849322012418
1076,1179,KBFC_alpha_0_5_gamma_0_0_0_1_1_1_Hard,0.54452735,0.54566133,100,100,0.5,666195,10249,107911,18345,0.6415681611526893,0.14530002534533012,0.08117634013433025
1204,1248,KBFC_alpha_0_5_gamma_0_0_0_1_1_1_Medium,0.5364702,0.53829616,100,100,0.5,672107,4337,120599,5657,0.5660396237742645,0.04480579140793309,0.034350842732226584
1247,1248,KBFC_alpha_0_5_gamma_0_0_0_1_1_1_Easy,0.4681596,0.5063206,113,101,0.4719626168224299,676444,0,126256,0,,0.0,0.0
