Index,len,Filename,min,max,Neg,Pos,$\frac{\text{Pos}}{\text{Neg}+\text{Pos}}$,TN,FP,FN,TP,Prec,Rec,FP/P
111,121,BRFC_alpha_0_5_0_1_1_1_Hard,0.87,0.8799999999999999,787,1617,0.6726289517470881,673414,3030,116724,9532,0.7587963700047763,0.0754974021036624,0.02399885946014447
649,652,BRFC_alpha_0_5_0_1_1_1_Medium,0.97,0.9798647186147186,239,449,0.6526162790697675,676105,339,125406,850,0.7148864592094197,0.006732353313901914,0.0026850209098973512
1239,1244,BRFC_alpha_0_5_0_1_1_1_Easy,0.976892857142857,0.981464285714286,100,161,0.6168582375478927,676011,433,125672,584,0.5742379547689282,0.004625522747433785,0.0034295399822582688
1145,1179,KBFC_alpha_0_5_gamma_0_0_0_1_1_1_Hard,0.685458,0.689063,100,197,0.6632996632996633,673144,3300,117329,8927,0.7301055042119898,0.07070555062729691,0.02613737168926625
1244,1248,KBFC_alpha_0_5_gamma_0_0_0_1_1_1_Medium,0.6839115,0.6973733,100,185,0.6491228070175439,676144,300,125634,622,0.6746203904555315,0.004926498542643518,0.0023761246990242047
1247,1248,KBFC_alpha_0_5_gamma_0_0_0_1_1_1_Easy,0.4681596,0.5063206,113,101,0.4719626168224299,676444,0,126256,0,,0.0,0.0
