Index,len,Filename,min,max,Neg,Pos,$\frac{\text{Pos}}{\text{Neg}+\text{Pos}}$,TN,FP,FN,TP,Prec,Rec,FP/P
73,121,BRFC_alpha_0_5_0_1_1_1_Hard,0.66,0.6649999999999998,5048,2374,0.3198598760441929,620182,56262,69791,56465,0.5009004054042067,0.4472262704346724,0.44561842605499935
576,652,BRFC_alpha_0_5_0_1_1_1_Medium,0.8166666666666668,0.8183333333333331,220,142,0.39226519337016574,656509,19935,106314,19942,0.5000877698924192,0.1579489291598023,0.15789348625015842
1212,1244,BRFC_alpha_0_5_0_1_1_1_Easy,0.9210485625485624,0.9225974025974026,133,100,0.4291845493562232,672994,3450,122803,3453,0.5002172968274663,0.027349195285768596,0.027325434038778355
868,1179,KBFC_alpha_0_5_gamma_0_0_0_1_1_1_Hard,0.36697662,0.36748263,147,100,0.4048582995951417,637098,39346,86901,39355,0.5000571784348357,0.3117079584336586,0.31163667469268785
1128,1248,KBFC_alpha_0_5_gamma_0_0_0_1_1_1_Medium,0.43861082,0.4396494,161,100,0.3831417624521073,663054,13390,112848,13408,0.5003358459586537,0.10619693321505512,0.10605436573311368
1246,1248,KBFC_alpha_0_5_gamma_0_0_0_1_1_1_Easy,0.45310917,0.46800873,127,100,0.44052863436123346,676331,113,126155,101,0.4719626168224299,0.0007999619820048156,0.0008950069699657839
