Index,len,Filename,min,max,Neg,Pos,$\frac{\text{Pos}}{\text{Neg}+\text{Pos}}$,TN,FP,FN,TP,Prec,Rec,FP/P
56,67,BRFC_alpha_0_5_Hard_Run_0,0.81,0.8198333333333335,1680,1811,0.5187625322257233,677254,14027,98532,27810,0.6647226139541554,0.22011682575865507,0.11102404584382074
56,67,BRFC_alpha_0_5_Hard_Run_0,0.81,0.8198333333333335,1680,1811,0.5187625322257233,677254,14027,98532,27810,0.6647226139541554,0.22011682575865507,0.11102404584382074
105,107,BRFC_alpha_0_5_Medium_Run_0,0.93,0.9498214285714286,1230,1626,0.569327731092437,690014,1267,123942,2400,0.6544859558221979,0.018996058317899037,0.010028335786990866
124,126,BRFC_alpha_0_5_Easy_Run_0,0.9436547619047616,0.9649873737373738,1030,1000,0.49261083743842365,690274,1007,125156,1186,0.540811673506612,0.009387218818761773,0.00797042946921847
