Index,len,Filename,min,max,Neg,Pos,$\frac{\text{Pos}}{\text{Neg}+\text{Pos}}$,TN,FP,FN,TP,Prec,Rec,FP/P
68,117,BRFC_alpha_0_5_0_0_1_0_Hard,0.65,0.6526190476190475,5022,2296,0.31374692538945065,618153,58291,67415,58841,0.5023477785745996,0.4660451780509441,0.4616889494360664
524,592,BRFC_alpha_0_5_0_0_1_0_Medium,0.82,0.82165873015873,1246,1036,0.4539877300613497,659054,17390,108794,17462,0.5010329392861241,0.13830629831453556,0.13773602838676974
1212,1244,BRFC_alpha_0_5_0_0_1_0_Easy,0.9210485625485624,0.9225974025974026,133,100,0.4291845493562232,672994,3450,122803,3453,0.5002172968274663,0.027349195285768596,0.027325434038778355
863,1177,KBFC_alpha_0_5_gamma_0_0_0_0_1_0_Hard,0.3588991,0.35955316,187,100,0.34843205574912894,636504,39940,86344,39912,0.4998246756499524,0.3161196299581802,0.3163414015967558
1123,1249,KBFC_alpha_0_5_gamma_0_0_0_0_1_0_Medium,0.4363761,0.43755552,150,100,0.4,662606,13838,112422,13834,0.4999277247759468,0.1095710302876695,0.10960271195032316
1246,1248,KBFC_alpha_0_5_gamma_0_0_0_0_1_0_Easy,0.45310917,0.46800873,127,100,0.44052863436123346,676331,113,126155,101,0.4719626168224299,0.0007999619820048156,0.0008950069699657839
