Index,len,Filename,p,Neg,Pos,$\frac{\text{Pos}}{\text{Neg}+\text{Pos}}$,TN,FP,FN,TP,Prec,FP/P
2948,3543,BRFC_alpha_0_5_0_1_1_1_Hard,0.7999999999999998,1,0,0.0,663152,13292,101155,25101,0.6537910556611882,0.1052781649980991
42146,44839,BRFC_alpha_0_5_0_1_1_1_Medium,0.8499999999999999,3,3,0.5,663631,12813,111741,14515,0.5311402224824356,0.10148428589532378
154370,164214,BRFC_alpha_0_5_0_1_1_1_Easy,0.8550964590964589,4,1,0.2,663817,12627,117141,9115,0.4192346610247447,0.10001108858192878
748058,781110,KBFC_alpha_0_5_gamma_0_0_0_1_1_1_Hard,0.5183998,1,0,0.0,663818,12626,105553,20703,0.6211707521977857,0.10000316816626537
698469,723273,KBFC_alpha_0_5_gamma_0_0_0_1_1_1_Medium,0.44543222,2,0,0.0,663818,12626,113434,12822,0.5038509902546369,0.10000316816626537
168897,177708,KBFC_alpha_0_5_gamma_0_0_0_1_1_1_Easy,0.33012635,1,1,0.5,663817,12627,119148,7108,0.3601722827463897,0.10001108858192878
