Index,len,Filename,min,max,Neg,Pos,$\frac{\text{Pos}}{\text{Neg}+\text{Pos}}$,TN,FP,FN,TP,Prec,Rec,FP/P
720,1441,BRFC_alpha_0_5_0_1_1_1_Hard,0.6350000000000001,0.6352857142857142,1,1,0.5,603555,72889,62592,63664,0.4662219065124897,0.5042453427955899,0.5773111772905842
11290,15010,BRFC_alpha_0_5_0_1_1_1_Medium,0.7258253968253967,0.7258333333333331,1,1,0.5,624041,52403,87967,38289,0.42218718299298724,0.3032647953364593,0.4150535420098847
41989,63485,BRFC_alpha_0_5_0_1_1_1_Easy,0.6631584526584526,0.6631584526584526,3,3,0.5,579717,96727,86176,40080,0.29296746511508914,0.31745025978963376,0.7661180458750475
105924,105925,KBFC_alpha_0_5_gamma_0_0_0_1_1_1_Hard,0.9623852,0.96905524,1,2.0,0.6666666666666666,676444,0,126256.0,0.0,,0.0,0.0
111851,111852,KBFC_alpha_0_5_gamma_0_0_0_1_1_1_Medium,0.8602089,0.8870699,1,6.0,0.8571428571428571,676444,0,126256.0,0.0,,0.0,0.0
65020,65021,KBFC_alpha_0_5_gamma_0_0_0_1_1_1_Easy,0.5049188,0.5063206,1,3.0,0.75,676444,0,126256.0,0.0,,0.0,0.0
