Index,len,Filename,min,max,Neg,Pos,$\frac{\text{Pos}}{\text{Neg}+\text{Pos}}$,TN,FP,FN,TP,Prec,Rec,FP/P
1168,1441,BRFC_alpha_0_5_0_1_1_1_Hard,0.805,0.8057142857142857,45,43,0.48863636363636365,664981,11463,103291,22965,0.6670442662948762,0.18189234571030288,0.09079172474971486
14926,15010,BRFC_alpha_0_5_0_1_1_1_Medium,0.96,0.9603611111111112,240,406,0.628482972136223,675741,703,124840,1416,0.6682397357243983,0.011215308579394246,0.005568052211380054
63477,63485,BRFC_alpha_0_5_0_1_1_1_Easy,0.9979411764705882,0.9979411764705882,2,1,0.3333333333333333,676307,137,126042,214,0.6096866096866097,0.0016949689519705994,0.0010850969458877202
105924,105925,KBFC_alpha_0_5_gamma_0_0_0_1_1_1_Hard,0.9623852,0.96905524,1,2.0,0.6666666666666666,676444,0,126256.0,0.0,,0.0,0.0
111851,111852,KBFC_alpha_0_5_gamma_0_0_0_1_1_1_Medium,0.8602089,0.8870699,1,6.0,0.8571428571428571,676444,0,126256.0,0.0,,0.0,0.0
65020,65021,KBFC_alpha_0_5_gamma_0_0_0_1_1_1_Easy,0.5049188,0.5063206,1,3.0,0.75,676444,0,126256.0,0.0,,0.0,0.0
