Index,len,Filename,min,max,Neg,Pos,$\frac{\text{Pos}}{\text{Neg}+\text{Pos}}$,TN,FP,FN,TP,Prec,Rec,FP/P
441,1441,BRFC_alpha_0_5_0_1_1_1_Hard,0.5083333333333333,0.5091666666666665,20,1,0.047619047619047616,489619,186825,33581,92675,0.3315742397137746,0.7340245216068939,1.4797316563173235
8242,15010,BRFC_alpha_0_5_0_1_1_1_Medium,0.596952380952381,0.5969761904761905,3,2,0.4,546467,129977,61365,64891,0.33299977420612925,0.5139636928145989,1.0294718666835636
49117,63485,BRFC_alpha_0_5_0_1_1_1_Easy,0.7356013196469853,0.7356013196469853,1,2,0.6666666666666666,623442,53002,99795,26461,0.33299774737928345,0.20958211886959827,0.4197978709922697
105924,105925,KBFC_alpha_0_5_gamma_0_0_0_1_1_1_Hard,0.9623852,0.96905524,1,2.0,0.6666666666666666,676444,0,126256.0,0.0,,0.0,0.0
111851,111852,KBFC_alpha_0_5_gamma_0_0_0_1_1_1_Medium,0.8602089,0.8870699,1,6.0,0.8571428571428571,676444,0,126256.0,0.0,,0.0,0.0
65020,65021,KBFC_alpha_0_5_gamma_0_0_0_1_1_1_Easy,0.5049188,0.5063206,1,3.0,0.75,676444,0,126256.0,0.0,,0.0,0.0
