Index,len,Filename,min,max,Neg,Pos,$\frac{\text{Pos}}{\text{Neg}+\text{Pos}}$,TN,FP,FN,TP,Prec,Rec,FP/P
39,63,BRFC_alpha_0_5_0_1_1_1_Hard.csv,0.66,0.6693333333333333,5307,2480,0.3184795171439579,620441,56003,69897,56359,0.5015841654651929,0.4463867063743505,0.44356703839817513
99,113,BRFC_alpha_0_5_0_1_1_1_Medium.csv,0.81,0.8199999999999998,2791,1926,0.40831036675853294,656737,19707,106415,19841,0.501694143825225,0.1571489671777975,0.1560876314789
122,126,BRFC_alpha_0_5_0_1_1_1_Easy.csv,0.910347805788982,0.9250436507936508,1290,1000,0.4366812227074236,673170,3274,122977,3279,0.5003815046543568,0.025971042960334558,0.025931440882017487
87,119,KBFC_alpha_0_5_gamma_0_0_0_1_1_1_Hard.csv,0.36279622,0.36883023,1812,1000,0.35561877667140823,637475,38969,87130,39126,0.5010051859914207,0.3098941832467368,0.3086506779875808
112,125,KBFC_alpha_0_5_gamma_0_0_0_1_1_1_Medium.csv,0.43064123,0.44050482,1396,1000,0.41736227045075125,663176,13268,112925,13331,0.5011842550471822,0.10558706120897225,0.10508807502217717
125,127,KBFC_alpha_0_5_gamma_0_0_0_1_1_1_Easy.csv,0.3821631,0.40682432,1623,1002,0.38171428571428573,675032,1412,125256,1000,0.41459369817578773,0.007920415663414017,0.01118362691674059
