Index,len,Filename,min,max,Neg,Pos,$\frac{\text{Pos}}{\text{Neg}+\text{Pos}}$,TN,FP,FN,TP,Prec,Rec,FP/P
1423,1424,BRFC_alpha_0_5_0_0_0_1_Hard,1.0,1.0,6,143.0,0.959731543624161,676444,0,126256.0,0.0,,0.0,0.0
9401,13629,BRFC_alpha_0_5_0_0_0_1_Medium,0.6823571428571428,0.6823809523809523,1,2,0.6666666666666666,603484,72960,79246,47010,0.39184796199049765,0.3723387403370929,0.5778735268026866
60236,63574,BRFC_alpha_0_5_0_0_0_1_Easy,0.8810476190476192,0.8810502928444105,1,2,0.6666666666666666,668123,8321,119630,6626,0.4432996587944069,0.05248067418578127,0.06590577873526803
105644,105645,KBFC_alpha_0_5_gamma_0_0_0_0_0_1_Hard,0.96840715,0.9761802,1,1.0,0.5,676444,0,126256.0,0.0,,0.0,0.0
111897,111898,KBFC_alpha_0_5_gamma_0_0_0_0_0_1_Medium,0.8524785,0.88391745,1,2.0,0.6666666666666666,676444,0,126256.0,0.0,,0.0,0.0
65081,65082,KBFC_alpha_0_5_gamma_0_0_0_0_0_1_Easy,0.5078636,0.50817347,1,3.0,0.75,676444,0,126256.0,0.0,,0.0,0.0
