Index,len,Filename,min,max,Neg,Pos,$\frac{\text{Pos}}{\text{Neg}+\text{Pos}}$,TN,FP,FN,TP,Prec,Rec,FP/P
1423,1424,BRFC_alpha_0_5_0_0_0_1_Hard,1.0,1.0,6,143.0,0.959731543624161,676444,0,126256.0,0.0,,0.0,0.0
13550,13629,BRFC_alpha_0_5_0_0_0_1_Medium,0.9595,0.959547619047619,2,2,0.5,675544,900,124455,1801,0.6667900777489819,0.014264668609808642,0.0071283740970726145
63571,63574,BRFC_alpha_0_5_0_0_0_1_Easy,0.999,0.999,1,1,0.5,676307,137,126043,213,0.6085714285714285,0.0016870485363071853,0.0010850969458877202
105644,105645,KBFC_alpha_0_5_gamma_0_0_0_0_0_1_Hard,0.96840715,0.9761802,1,1.0,0.5,676444,0,126256.0,0.0,,0.0,0.0
111897,111898,KBFC_alpha_0_5_gamma_0_0_0_0_0_1_Medium,0.8524785,0.88391745,1,2.0,0.6666666666666666,676444,0,126256.0,0.0,,0.0,0.0
65081,65082,KBFC_alpha_0_5_gamma_0_0_0_0_0_1_Easy,0.5078636,0.50817347,1,3.0,0.75,676444,0,126256.0,0.0,,0.0,0.0
