Index,len,Filename,min,max,Neg,Pos,$\frac{\text{Pos}}{\text{Neg}+\text{Pos}}$,TN,FP,FN,TP,Prec,Rec,FP/P
22,62,BRFC_alpha_0_5_1_1_0_0_Hard,0.49,0.4999999999999999,11847,1887,0.13739624290083005,483783,192661,31671,94585,0.32928221802914576,0.7491525155240147,1.5259552021290077
57,108,BRFC_alpha_0_5_1_1_0_0_Medium,0.5933333333333333,0.5999523809523809,3819,1016,0.21013443640124096,549416,127028,62463,63793,0.33430806881842146,0.5052670764161703,1.0061145608921556
100,126,BRFC_alpha_0_5_1_1_0_0_Easy,0.7340293089263679,0.7399639249639249,2748,1000,0.26680896478121663,625832,50612,100958,25298,0.33326307469371624,0.20037067545304776,0.40086807755671017
46,119,KBFC_alpha_0_5_gamma_0_0_1_1_0_0_Hard,0.1839836,0.18767703,4589,1000,0.1789228842368939,516738,159706,46022,80234,0.33439193131616235,0.6354866303383602,1.2649379039411988
72,125,KBFC_alpha_0_5_gamma_0_0_1_1_0_0_Medium,0.22431561,0.22731656,3347,1000,0.23004370830457788,569507,106937,72860,53396,0.33303187740515056,0.4229185147636548,0.8469854897985046
111,127,KBFC_alpha_0_5_gamma_0_0_1_1_0_0_Easy,0.2854222,0.2888604,2444,1000,0.29036004645760743,646319,30125,111238,15018,0.33267616241720754,0.11894880243315169,0.23860252186034722
