Index,len,Filename,min,max,Neg,Pos,$\frac{\text{Pos}}{\text{Neg}+\text{Pos}}$,TN,FP,FN,TP,Prec,Rec,FP/P
420,421,BRFC_alpha_0_5_0_1_0_1_Hard,1.0,1.0,13,129.0,0.9084507042253521,676444,0,126256.0,0.0,,0.0,0.0
3086,3171,BRFC_alpha_0_5_0_1_0_1_Medium,0.9141666666666668,0.914904761904762,13,13,0.5,673154,3290,121031,5225,0.6136230182031709,0.04138417184133823,0.026058167532632112
10719,11116,BRFC_alpha_0_5_0_1_0_1_Easy,0.90112099012099,0.9012032926224096,13,13,0.5,670879,5565,121251,5005,0.4735099337748344,0.03964168039538715,0.044077113166898996
9895,11595,KBFC_alpha_0_5_gamma_0_0_0_1_0_1_Hard,0.45812654,0.45819893,10,10,0.5,657161,19283,99651,26605,0.5797812064156206,0.2107226587251299,0.15272937523761246
9328,12302,KBFC_alpha_0_5_gamma_0_0_0_1_0_1_Medium,0.30291304,0.30296007,10,10,0.5,629246,47198,93562,32694,0.4092274570670405,0.25895006969965784,0.3738277784818147
8005,11207,KBFC_alpha_0_5_gamma_0_0_0_1_0_1_Easy,0.23498304,0.23499702,11,11,0.5,590887,85557,91273,34983,0.29021901443504233,0.2770799011532125,0.6776470029147129
