Index,len,Filename,min,max,Neg,Pos,$\frac{\text{Pos}}{\text{Neg}+\text{Pos}}$,TN,FP,FN,TP,Prec,Rec,FP/P
420,421,BRFC_alpha_0_5_0_1_0_1_Hard,1.0,1.0,13,129.0,0.9084507042253521,676444,0,126256.0,0.0,,0.0,0.0
2774,3171,BRFC_alpha_0_5_0_1_0_1_Medium,0.8125,0.812547619047619,65,39,0.375,656064,20380,105870,20386,0.5000735907373792,0.16146559371435812,0.16141807122037766
10870,11116,BRFC_alpha_0_5_0_1_0_1_Easy,0.9250738077282192,0.9253070818070817,23,12,0.34285714285714286,673127,3317,122934,3322,0.5003765627353517,0.026311620833861363,0.02627201875554429
8547,11595,KBFC_alpha_0_5_gamma_0_0_0_1_0_1_Hard,0.35674006,0.35681796,30,10,0.25,635811,40633,85618,40638,0.5000307612801614,0.3218698517298188,0.3218302496515017
11177,12302,KBFC_alpha_0_5_gamma_0_0_0_1_0_1_Medium,0.43632802,0.43639728,10,10,0.5,662712,13732,112524,13732,0.5,0.10876314789000127,0.10876314789000127
11203,11207,KBFC_alpha_0_5_gamma_0_0_0_1_0_1_Easy,0.47658905,0.48056513,14,12,0.46153846153846156,676409,35,126223,33,0.4852941176470588,0.00026137371689266255,0.00027721454821949055
