Index,len,Filename,min,max,Neg,Pos,$\frac{\text{Pos}}{\text{Neg}+\text{Pos}}$,TN,FP,FN,TP,Prec,Rec,FP/P
50,62,BRFC_alpha_0_5_0_0_0_1_Hard,0.77,0.7798333333333334,2336,2355,0.5020251545512684,659184,17260,97010,29246,0.6288650926762138,0.23164047649220632,0.1367063743505259
103,111,BRFC_alpha_0_5_0_0_0_1_Medium,0.87,0.878,1392,1454,0.5108924806746311,669073,7371,116446,9810,0.570979570455736,0.0776992776580915,0.05838138385502471
124,126,BRFC_alpha_0_5_0_0_0_1_Easy,0.9433333333333336,0.9635833333333332,1037,1002,0.491417361451692,675442,1002,125015,1241,0.5532768613464111,0.009829235838296793,0.007936256494740845
106,118,KBFC_alpha_0_5_gamma_0_0_0_0_0_1_Hard,0.52766925,0.5392229,1000,1013,0.5032290114257327,665444,11000,106983,19273,0.6366399101509596,0.15265017108097834,0.08712457229755417
120,125,KBFC_alpha_0_5_gamma_0_0_0_0_0_1_Medium,0.53207827,0.54987925,1043,1000,0.48947626040137054,672444,4000,120895,5361,0.5726952248691379,0.04246134837156254,0.031681662653656066
126,127,KBFC_alpha_0_5_gamma_0_0_0_0_0_1_Easy,0.40491796,0.50817347,1446,1000,0.4088307440719542,676444,0,126256,0,,0.0,0.0
