Index,len,Filename,min,max,Neg,Pos,$\frac{\text{Pos}}{\text{Neg}+\text{Pos}}$,TN,FP,FN,TP,Prec,Rec,FP/P
1271,1272,BRFC_alpha_0_5_1_0_0_0_Hard,1.0,1.0,5,138.0,0.965034965034965,676444,0,126256.0,0.0,,0.0,0.0
10851,12314,BRFC_alpha_0_5_1_0_0_0_Medium,0.8166666666666665,0.8166666666666665,70,46,0.39655172413793105,658016,18428,107824,18432,0.5000542593597396,0.14598910150804714,0.14595741984539348
62411,63567,BRFC_alpha_0_5_1_0_0_0_Easy,0.9320079365079365,0.9320263347763346,1,4,0.8,673675,2769,123487,2769,0.5,0.02193163097199341,0.02193163097199341
105781,105782,KBFC_alpha_0_5_gamma_0_0_1_0_0_0_Hard,0.966498,0.9963865,2,3.0,0.6,676444,0,126256.0,0.0,,0.0,0.0
112328,112329,KBFC_alpha_0_5_gamma_0_0_1_0_0_0_Medium,0.8819418,0.8927599,1,3.0,0.75,676444,0,126256.0,0.0,,0.0,0.0
65163,65164,KBFC_alpha_0_5_gamma_0_0_1_0_0_0_Easy,0.503468,0.52146393,3,6.0,0.6666666666666666,676444,0,126256.0,0.0,,0.0,0.0
