Index,len,Filename,min,max,Neg,Pos,$\frac{\text{Pos}}{\text{Neg}+\text{Pos}}$,TN,FP,FN,TP,Prec,Rec,FP/P
421,1411,BRFC_alpha_0_5_0_0_1_1_Hard,0.503,0.5031666666666667,1,1,0.5,489500,186944,33467,92789,0.33170559068826344,0.7349274489925232,1.4806741857812697
6970,15033,BRFC_alpha_0_5_0_0_1_1_Medium,0.5455703463203463,0.5455703463203463,1,1,0.5,502716,173728,50945,75311,0.3024064503953196,0.596494424027373,1.3759979723735902
41989,63485,BRFC_alpha_0_5_0_0_1_1_Easy,0.6631584526584526,0.6631584526584526,3,3,0.5,579717,96727,86176,40080,0.29296746511508914,0.31745025978963376,0.7661180458750475
106079,106080,KBFC_alpha_0_5_gamma_0_0_0_0_1_1_Hard,0.9701,0.9710249,1,1.0,0.5,676444,0,126256.0,0.0,,0.0,0.0
111917,111918,KBFC_alpha_0_5_gamma_0_0_0_0_1_1_Medium,0.84225285,0.88974327,1,2.0,0.6666666666666666,676444,0,126256.0,0.0,,0.0,0.0
65020,65021,KBFC_alpha_0_5_gamma_0_0_0_0_1_1_Easy,0.5049188,0.5063206,1,3.0,0.75,676444,0,126256.0,0.0,,0.0,0.0
