Index,len,Filename,p,Neg,Pos,$\frac{\text{Pos}}{\text{Neg}+\text{Pos}}$,TN,FP,FN,TP,Prec,FP/P
2721,3078,BRFC_alpha_0_5_1_1_1_0_Hard.csv,0.8393333333333333,1,0,0.0,669701,6743,108955,17301,0.719555814340376,0.05340736281840071
37656,39134,BRFC_alpha_0_5_1_1_1_0_Medium.csv,0.8809999999999999,4,2,0.3333333333333333,670132,6312,118207,8049,0.5604762899519532,0.04999366366746927
159224,164589,BRFC_alpha_0_5_1_1_1_0_Easy.csv,0.8954523809523812,0,1,1.0,670131,6313,120845,5411,0.4615319003752985,0.05000158408313268
