Index,len,Filename,p,Neg,Pos,$\frac{\text{Pos}}{\text{Neg}+\text{Pos}}$,TN,FP,FN,TP,Prec,FP/P
2555,3078,BRFC_alpha_0_5_1_1_1_0_Hard.csv,0.7992460317460318,0,1,1.0,663550,12894,100289,25967,0.6682020534726333,0.10212583956406032
36532,39134,BRFC_alpha_0_5_1_1_1_0_Medium.csv,0.8425000000000001,0,1,1.0,663820,12624,112378,13878,0.5236585918043921,0.09998732733493854
154770,164589,BRFC_alpha_0_5_1_1_1_0_Easy.csv,0.8549285714285714,1,0,0.0,663818,12626,117057,9199,0.4214891179839633,0.10000316816626537
