Index,len,Filename,min,max,Neg,Pos,$\frac{\text{Pos}}{\text{Neg}+\text{Pos}}$,TN,FP,FN,TP,Prec,Rec,FP/P
59,63,BRFC_alpha_0_5_1_1_1_0_Hard.csv,0.85,0.8691666666666665,1869,3647,0.6611675126903553,672689,3755,114592,11664,0.7564692911343148,0.09238372829806109,0.02974116081611963
107,108,BRFC_alpha_0_5_1_1_1_0_Medium.csv,0.95,1.0,1189,2129,0.6416515973477999,676444,0,126256,0,,0.0,0.0
125,126,BRFC_alpha_0_5_1_1_1_0_Easy.csv,0.9624880952380952,1.0,1000,1292,0.5636998254799301,676444,0,126256,0,,0.0,0.0
