Index,len,Filename,min,max,Neg,Pos,$\frac{\text{Pos}}{\text{Neg}+\text{Pos}}$,TN,FP,FN,TP,Prec,Rec,FP/P
53,63,BRFC_alpha_0_5_1_1_1_0_Hard.csv,0.79,0.7992460317460318,1966,2272,0.536101934874941,663550,12894,100289,25967,0.6682020534726333,0.20566943353187175,0.10212583956406032
106,108,BRFC_alpha_0_5_1_1_1_0_Medium.csv,0.9293333333333332,0.9498333333333332,1000,1423,0.5872884853487412,675255,1189,124127,2129,0.6416515973477999,0.01686256494740844,0.009417374223799265
124,126,BRFC_alpha_0_5_1_1_1_0_Easy.csv,0.9410833333333334,0.962452380952381,1138,1000,0.4677268475210477,675444,1000,124964,1292,0.5636998254799301,0.010233177037130909,0.007920415663414017
