Index,len,Filename,min,max,Neg,Pos,$\frac{\text{Pos}}{\text{Neg}+\text{Pos}}$,TN,FP,FN,TP,Prec,Rec,FP/P
23,63,BRFC_alpha_0_5_1_1_1_0_Hard.csv,0.49,0.4999999999999999,11880,1936,0.14012738853503184,483948,192496,31784,94472,0.3292074377630955,0.7482575085540489,1.5246483335445444
57,108,BRFC_alpha_0_5_1_1_1_0_Medium.csv,0.5933333333333333,0.5999999999999999,3880,1000,0.20491803278688525,549326,127118,62629,63627,0.33357099792917244,0.5039522874160436,1.006827398301863
100,126,BRFC_alpha_0_5_1_1_1_0_Easy.csv,0.7343610574447362,0.7400425685425688,2690,1000,0.27100271002710025,625856,50588,100952,25304,0.33342117746271016,0.20041819794702825,0.40067798758078826
