Index,len,Filename,min,max,Neg,Pos,$\frac{\text{Pos}}{\text{Neg}+\text{Pos}}$,TN,FP,FN,TP,Prec,Rec,FP/P
258,393,BRFC_alpha_0_5_0_1_1_0_Hard,0.7033333333333335,0.7045238095238094,23,23,0.5,639732,36712,79058,47198,0.5624836133953045,0.3738277784818147,0.2907742998352554
2949,3066,BRFC_alpha_0_5_0_1_1_0_Medium,0.8976666666666666,0.8980833333333333,10,10,0.5,671875,4569,119767,6489,0.5868149755832881,0.05139557723989355,0.03618837916613864
10193,11146,BRFC_alpha_0_5_0_1_1_0_Easy,0.837224732783556,0.8372857142857143,11,11,0.5,660061,16383,115283,10973,0.4011185845883901,0.086910721074642,0.12976016981371183
11608,11609,KBFC_alpha_0_5_gamma_0_0_0_1_1_0_Hard,0.94403887,0.9889565,10,33.0,0.7674418604651163,676444,0,126256.0,0.0,,0.0,0.0
11475,12326,KBFC_alpha_0_5_gamma_0_0_0_1_1_0_Medium,0.46866184,0.46875414,10,10,0.5,666616,9828,115591,10665,0.5204216073781291,0.08447123305031048,0.07784184514003295
11219,11220,KBFC_alpha_0_5_gamma_0_0_0_1_1_0_Easy,0.49619213,0.5063206,11,11,0.5,676444,0,126256,0,,0.0,0.0
