Index,len,Filename,min,max,Neg,Pos,$\frac{\text{Pos}}{\text{Neg}+\text{Pos}}$,TN,FP,FN,TP,Prec,Rec,FP/P
124,393,BRFC_alpha_0_5_0_1_1_0_Hard,0.4975,0.4999999999999999,63,13,0.17105263157894737,484169,192275,31810,94446,0.3294003578391537,0.7480515777468002,1.52289792168293
1701,3066,BRFC_alpha_0_5_0_1_1_0_Medium,0.5963333333333335,0.5966666666666666,42,10,0.19230769230769232,547670,128774,61995,64261,0.3328981790866941,0.508973830946648,1.0199436066404766
8754,11146,BRFC_alpha_0_5_0_1_1_0_Easy,0.7355578261607674,0.7356062271062271,13,10,0.43478260869565216,623443,53001,99795,26461,0.33300193803327377,0.20958211886959827,0.4197899505766063
11608,11609,KBFC_alpha_0_5_gamma_0_0_0_1_1_0_Hard,0.94403887,0.9889565,10,33.0,0.7674418604651163,676444,0,126256.0,0.0,,0.0,0.0
7367,12326,KBFC_alpha_0_5_gamma_0_0_0_1_1_0_Medium,0.22683339,0.2268511,21,10,0.3225806451612903,571517,104927,73874,52382,0.3329879409315424,0.41488721328095296,0.8310654543150424
9842,11220,KBFC_alpha_0_5_gamma_0_0_0_1_1_0_Easy,0.29227117,0.29230425,32,11,0.2558139534883721,646331,30113,111222,15034,0.33300108534343364,0.11907552908376631,0.23850747687238627
