Index,len,Filename,min,max,Neg,Pos,$\frac{\text{Pos}}{\text{Neg}+\text{Pos}}$,TN,FP,FN,TP,Prec,Rec,FP/P
38,62,BRFC_alpha_0_5_0_0_1_0_1_Hard.csv,0.65,0.6599999999999998,5280,2396,0.31214174048983845,618411,58033,67515,58741,0.5030314967372874,0.4652531364846027,0.4596454821949056
96,109,BRFC_alpha_0_5_0_0_1_0_1_Medium.csv,0.81,0.8199999999999998,2798,1829,0.3952885238815647,657808,18636,107758,18498,0.4981418645984812,0.14651184894183247,0.1476048663033836
122,126,BRFC_alpha_0_5_0_0_1_0_1_Easy.csv,0.910347805788982,0.9250436507936508,1290,1000,0.4366812227074236,673170,3274,122977,3279,0.5003815046543568,0.025971042960334558,0.025931440882017487
