Index,len,Filename,min,max,Neg,Pos,$\frac{\text{Pos}}{\text{Neg}+\text{Pos}}$,TN,FP,FN,TP,Prec,Rec,FP/P
102,121,BRFC_alpha_0_5_1_0_0_1_Hard,0.8033333333333335,0.8096904761904762,100,109,0.5215311004784688,665201,11243,104004,22252,0.664337960889685,0.1762450893422887,0.08904923330376378
626,632,BRFC_alpha_0_5_1_0_0_1_Medium,0.9538809523809524,0.9598809523809524,100,122,0.5495495495495496,675559,885,124494,1762,0.6656592368719305,0.013955772398935496,0.007009567862121404
1241,1243,BRFC_alpha_0_5_1_0_0_1_Easy,0.9925,0.9992857142857144,100,121,0.5475113122171946,676334,110,126049,207,0.6529968454258676,0.0016395260423267013,0.0008712457229755417
1097,1177,KBFC_alpha_0_5_gamma_0_0_1_0_0_1_Hard,0.5614443,0.5632838,100,115,0.5348837209302325,668544,7900,110392,15864,0.6675643831004882,0.12564947408439994,0.06257128374097072
1244,1248,KBFC_alpha_0_5_gamma_0_0_1_0_0_1_Medium,0.68769556,0.6991103,100,151,0.601593625498008,676144,300,125656,600,0.6666666666666666,0.004752249398048409,0.0023761246990242047
1245,1248,KBFC_alpha_0_5_gamma_0_0_1_0_0_1_Easy,0.44002092,0.45119697,145,100,0.40816326530612246,676167,277,126055,201,0.4205020920502092,0.0015920035483462172,0.0021939551387656826
