Index,len,Filename,min,max,Neg,Pos,$\frac{\text{Pos}}{\text{Neg}+\text{Pos}}$,TN,FP,FN,TP,Prec,Rec,FP/P
1315,1316,BRFC_alpha_0_5_0_1_1_0_Hard,1.0,1.0,10,154.0,0.9390243902439024,676444,0,126256.0,0.0,,0.0,0.0
9495,13424,BRFC_alpha_0_5_0_1_1_0_Medium,0.6927857142857143,0.6928030303030301,1,1,0.5,610382,66062,82730,43526,0.39717852319597036,0.34474401216575845,0.5232384995564567
41989,63485,BRFC_alpha_0_5_0_1_1_0_Easy,0.6631584526584526,0.6631584526584526,3,3,0.5,579717,96727,86176,40080,0.29296746511508914,0.31745025978963376,0.7661180458750475
105984,105985,KBFC_alpha_0_5_gamma_0_0_0_1_1_0_Hard,0.9793225,0.9889565,1,1.0,0.5,676444,0,126256.0,0.0,,0.0,0.0
112126,112127,KBFC_alpha_0_5_gamma_0_0_0_1_1_0_Medium,0.87021405,0.88742584,1,1.0,0.5,676444,0,126256.0,0.0,,0.0,0.0
65020,65021,KBFC_alpha_0_5_gamma_0_0_0_1_1_0_Easy,0.5049188,0.5063206,1,3.0,0.75,676444,0,126256.0,0.0,,0.0,0.0
