Index,len,Filename,min,max,Neg,Pos,$\frac{\text{Pos}}{\text{Neg}+\text{Pos}}$,TN,FP,FN,TP,Prec,Rec,FP/P
1315,1316,BRFC_alpha_0_5_0_1_1_0_Hard,1.0,1.0,10,154.0,0.9390243902439024,676444,0,126256.0,0.0,,0.0,0.0
13378,13424,BRFC_alpha_0_5_0_1_1_0_Medium,0.971,0.9712380952380952,2,1,0.3333333333333333,676096,348,125561,695,0.6663470757430489,0.005504688886072741,0.0027563046508680775
63477,63485,BRFC_alpha_0_5_0_1_1_0_Easy,0.9979411764705882,0.9979411764705882,2,1,0.3333333333333333,676307,137,126042,214,0.6096866096866097,0.0016949689519705994,0.0010850969458877202
105984,105985,KBFC_alpha_0_5_gamma_0_0_0_1_1_0_Hard,0.9793225,0.9889565,1,1.0,0.5,676444,0,126256.0,0.0,,0.0,0.0
112126,112127,KBFC_alpha_0_5_gamma_0_0_0_1_1_0_Medium,0.87021405,0.88742584,1,1.0,0.5,676444,0,126256.0,0.0,,0.0,0.0
65020,65021,KBFC_alpha_0_5_gamma_0_0_0_1_1_0_Easy,0.5049188,0.5063206,1,3.0,0.75,676444,0,126256.0,0.0,,0.0,0.0
