Index,len,Filename,min,max,Neg,Pos,$\frac{\text{Pos}}{\text{Neg}+\text{Pos}}$,TN,FP,FN,TP,Prec,Rec,FP/P
100,112,BRFC_alpha_0_5_0_1_0_0_Hard,0.85,0.8590000000000001,956,1880,0.6629055007052186,671996,4448,113167,13089,0.7463648286480014,0.10367032061842606,0.03523000887086554
575,578,BRFC_alpha_0_5_0_1_0_0_Medium,0.97,0.9792221353208194,189,364,0.6582278481012658,676184,260,125693,563,0.68408262454435,0.004459194018502091,0.002059308072487644
1240,1241,BRFC_alpha_0_5_0_1_0_0_Easy,1.0,1.0,122,209,0.6314199395770392,676444,0,126256,0,,0.0,0.0
1146,1177,KBFC_alpha_0_5_gamma_0_0_0_1_0_0_Hard,0.7070448,0.71045065,100,202,0.6688741721854304,673444,3000,118190,8066,0.7288993312850172,0.06388607274109745,0.023761246990242048
1245,1247,KBFC_alpha_0_5_gamma_0_0_0_1_0_0_Medium,0.7183183,0.74412316,100,197,0.6632996632996633,676344,100,126003,253,0.71671388101983,0.002003865162843746,0.0007920415663414016
1244,1247,KBFC_alpha_0_5_gamma_0_0_0_1_0_0_Easy,0.44368535,0.45202255,115,100,0.46511627906976744,676203,241,126056,200,0.45351473922902497,0.0015840831326828031,0.0019088201748827778
