Index,len,Filename,min,max,Neg,Pos,$\frac{\text{Pos}}{\text{Neg}+\text{Pos}}$,TN,FP,FN,TP,Prec,Rec,FP/P
83,114,BRFC_alpha_0_5_1_1_1_0_Hard,0.735,0.7398333333333333,105,106,0.5023696682464455,649560,26884,86154,40102,0.5986624070701341,0.3176245089342289,0.2129324546952224
548,605,BRFC_alpha_0_5_1_1_1_0_Medium,0.84,0.841,971,967,0.49896800825593396,663645,12799,112293,13963,0.5217472535684926,0.1105927639082499,0.10137340007603599
1228,1243,BRFC_alpha_0_5_1_1_1_0_Easy,0.949686507936508,0.9518333333333334,105,103,0.4951923076923077,674939,1505,124499,1757,0.5386266094420601,0.013916170320618426,0.011920225573438093
1060,1180,KBFC_alpha_0_5_gamma_0_0_1_1_1_0_Hard,0.5227116,0.523733,100,100,0.5,664455,11989,106124,20132,0.6267550823448834,0.15945380813585097,0.09495786338867064
1204,1249,KBFC_alpha_0_5_gamma_0_0_1_1_1_0_Medium,0.5271612,0.5287703,100,100,0.5,672005,4439,120617,5639,0.5595356221472514,0.04466322392599164,0.03515872512989482
1241,1247,KBFC_alpha_0_5_gamma_0_0_1_1_1_0_Easy,0.4192291,0.42424896,126,101,0.44493392070484583,675704,740,125756,500,0.4032258064516129,0.003960207831707008,0.005861107590926372
