Index,len,Filename,min,max,Neg,Pos,$\frac{\text{Pos}}{\text{Neg}+\text{Pos}}$,TN,FP,FN,TP,Prec,Rec,FP/P
67,114,BRFC_alpha_0_5_1_1_1_0_Hard,0.65,0.6526666666666666,4868,2255,0.3165800926575881,618416,58028,67380,58876,0.5036269075480736,0.4663223925991636,0.45960588011658854
533,605,BRFC_alpha_0_5_1_1_1_0_Medium,0.8166666666666668,0.8183214285714286,234,124,0.3463687150837989,657899,18545,107691,18565,0.5002694691457829,0.14704251679128122,0.14688410847801292
1217,1243,BRFC_alpha_0_5_1_1_1_0_Easy,0.9291309523809524,0.9310331890331888,181,100,0.35587188612099646,673609,2835,123391,2865,0.5026315789473684,0.022691990875681155,0.022454378405778734
867,1180,KBFC_alpha_0_5_gamma_0_0_1_1_1_0_Hard,0.356997,0.3575089,176,100,0.36231884057971014,636911,39533,86748,39508,0.4998418542275528,0.31291978203016096,0.3131177924217463
1126,1249,KBFC_alpha_0_5_gamma_0_0_1_1_1_0_Medium,0.4285995,0.42955038,142,100,0.4132231404958678,662875,13569,112696,13560,0.49983412584319364,0.10740083639589405,0.10747212013686479
1244,1247,KBFC_alpha_0_5_gamma_0_0_1_1_1_0_Easy,0.43856704,0.4500182,168,100,0.373134328358209,676165,279,126056,200,0.4175365344467641,0.0015840831326828031,0.0022097959700925103
