Index,len,Filename,min,max,Neg,Pos,$\frac{\text{Pos}}{\text{Neg}+\text{Pos}}$,TN,FP,FN,TP,Prec,Rec,FP/P
115,376,BRFC_alpha_0_5_0_0_1_0_Hard,0.4975,0.4995,75,12,0.13793103448275862,483963,192481,31891,94365,0.3289744322737636,0.7474100240780636,1.5245295273095931
1708,3081,BRFC_alpha_0_5_0_0_1_0_Medium,0.5965,0.5966666666666666,27,11,0.2894736842105263,547958,128486,62134,64122,0.33291452068449906,0.5078728931694335,1.0176625269294133
8754,11146,BRFC_alpha_0_5_0_0_1_0_Easy,0.7355578261607674,0.7356062271062271,13,10,0.43478260869565216,623443,53001,99795,26461,0.33300193803327377,0.20958211886959827,0.4197899505766063
11602,11603,KBFC_alpha_0_5_gamma_0_0_0_0_1_0_Hard,0.9430145,0.99490607,10,47.0,0.8245614035087719,676444,0,126256.0,0.0,,0.0,0.0
7402,12318,KBFC_alpha_0_5_gamma_0_0_0_0_1_0_Medium,0.22955082,0.22958222,33,10,0.23255813953488372,572218,104226,74224,52032,0.3329877510271474,0.41211506779875806,0.8255132429349892
9842,11220,KBFC_alpha_0_5_gamma_0_0_0_0_1_0_Easy,0.29227117,0.29230425,32,11,0.2558139534883721,646331,30113,111222,15034,0.33300108534343364,0.11907552908376631,0.23850747687238627
