Index,len,Filename,min,max,Neg,Pos,$\frac{\text{Pos}}{\text{Neg}+\text{Pos}}$,TN,FP,FN,TP,Prec,Rec,FP/P
304,376,BRFC_alpha_0_5_0_0_1_0_Hard,0.79,0.792,1793,2138,0.5438819638768762,663174,13270,99606,26650,0.6675851703406813,0.21107907742998352,0.105103915853504
3068,3081,BRFC_alpha_0_5_0_0_1_0_Medium,0.9683333333333334,0.9693650793650792,11,10,0.47619047619047616,675943,501,125264,992,0.6644340254521098,0.007857052338106704,0.003968128247370422
11143,11146,BRFC_alpha_0_5_0_0_1_0_Easy,0.9973684210526316,0.9977777777777778,10,10,0.5,676305,139,126041,215,0.6073446327683616,0.0017028893676340135,0.0011009377772145481
11602,11603,KBFC_alpha_0_5_gamma_0_0_0_0_1_0_Hard,0.9430145,0.99490607,10,47.0,0.8245614035087719,676444,0,126256.0,0.0,,0.0,0.0
12266,12318,KBFC_alpha_0_5_gamma_0_0_0_0_1_0_Medium,0.6711639,0.6723459,10,13,0.5652173913043478,675932,512,125235,1021,0.6660143509458578,0.00808674439234571,0.004055252819667976
11217,11220,KBFC_alpha_0_5_gamma_0_0_0_0_1_0_Easy,0.48025736,0.48449197,14,10,0.4166666666666667,676418,26,126227,29,0.5272727272727272,0.00022969205423900647,0.00020593080724876442
