Index,len,Filename,min,max,Neg,Pos,$\frac{\text{Pos}}{\text{Neg}+\text{Pos}}$,TN,FP,FN,TP,Prec,Rec,FP/P
1299,1300,BRFC_alpha_0_5_0_0_1_0_Hard,1.0,1.0,12,137.0,0.9194630872483222,676444,0,126256.0,0.0,,0.0,0.0
7556,13615,BRFC_alpha_0_5_0_0_1_0_Medium,0.596547619047619,0.5966190476190476,3,1,0.25,547955,128489,62129,64127,0.33292665199152716,0.5079124952477506,1.0176862881764035
49117,63485,BRFC_alpha_0_5_0_0_1_0_Easy,0.7356013196469853,0.7356013196469853,1,2,0.6666666666666666,623442,53002,99795,26461,0.33299774737928345,0.20958211886959827,0.4197978709922697
105991,105992,KBFC_alpha_0_5_gamma_0_0_0_0_1_0_Hard,0.97144973,0.99490607,1,9.0,0.9,676444,0,126256.0,0.0,,0.0,0.0
112073,112074,KBFC_alpha_0_5_gamma_0_0_0_0_1_0_Medium,0.8593353,0.8986998,1,3.0,0.75,676444,0,126256.0,0.0,,0.0,0.0
65020,65021,KBFC_alpha_0_5_gamma_0_0_0_0_1_0_Easy,0.5049188,0.5063206,1,3.0,0.75,676444,0,126256.0,0.0,,0.0,0.0
