Index,len,Filename,min,max,Neg,Pos,$\frac{\text{Pos}}{\text{Neg}+\text{Pos}}$,TN,FP,FN,TP,Prec,Rec,FP/P
907,1438,BRFC_alpha_0_5_1_0_1_1_Hard,0.7136666666666666,0.7138333333333332,1,2,0.6666666666666666,641880,34564,82120,44136,0.5608132147395172,0.349575465720441,0.27376124699024207
3742,14994,BRFC_alpha_0_5_1_0_1_1_Medium,0.4071031746031746,0.4071082251082251,1,2,0.6666666666666666,344829,331615,25262,100994,0.23345330309817872,0.7999144595108352,2.626528640223039
13252,63587,BRFC_alpha_0_5_1_0_1_1_Easy,0.3726904761904761,0.3726904761904761,1,2,0.6666666666666666,243306,433138,21790,104466,0.19431775061197462,0.8274141426942085,3.43063299961982
106171,106172,KBFC_alpha_0_5_gamma_0_0_1_0_1_1_Hard,0.9516664,0.9804042,1,30.0,0.967741935483871,676444,0,126256.0,0.0,,0.0,0.0
112146,112147,KBFC_alpha_0_5_gamma_0_0_1_0_1_1_Medium,0.89484376,0.90954477,1,1.0,0.5,676444,0,126256.0,0.0,,0.0,0.0
65129,65130,KBFC_alpha_0_5_gamma_0_0_1_0_1_1_Easy,0.49847233,0.52140087,6,6.0,0.5,676444,0,126256.0,0.0,,0.0,0.0
