Index,len,Filename,min,max,Neg,Pos,$\frac{\text{Pos}}{\text{Neg}+\text{Pos}}$,TN,FP,FN,TP,Prec,Rec,FP/P
718,1438,BRFC_alpha_0_5_1_0_1_1_Hard,0.6423333333333333,0.6423333333333333,1,1,0.5,609496,66948,64959,61297,0.4779679519669383,0.4854977189202889,0.5302559878342415
7496,14994,BRFC_alpha_0_5_1_0_1_1_Medium,0.5654722222222222,0.5654761904761904,1,1,0.5,521167,155277,54763,71493,0.3152665696520704,0.5662542770244583,1.2298583829679381
57438,63587,BRFC_alpha_0_5_1_0_1_1_Easy,0.8323678091344499,0.8323678091344499,3,3,0.5,658972,17472,114706,11550,0.3979739507959479,0.09148080091243188,0.13838550247116968
106171,106172,KBFC_alpha_0_5_gamma_0_0_1_0_1_1_Hard,0.9516664,0.9804042,1,30.0,0.967741935483871,676444,0,126256.0,0.0,,0.0,0.0
112146,112147,KBFC_alpha_0_5_gamma_0_0_1_0_1_1_Medium,0.89484376,0.90954477,1,1.0,0.5,676444,0,126256.0,0.0,,0.0,0.0
65129,65130,KBFC_alpha_0_5_gamma_0_0_1_0_1_1_Easy,0.49847233,0.52140087,6,6.0,0.5,676444,0,126256.0,0.0,,0.0,0.0
