Index,len,Filename,min,max,Neg,Pos,$\frac{\text{Pos}}{\text{Neg}+\text{Pos}}$,TN,FP,FN,TP,Prec,Rec,FP/P
307,370,BRFC_alpha_0_5_1_0_1_0_Hard,0.7966666666666667,0.7995833333333334,15,21,0.5833333333333334,663228,13216,99849,26407,0.6664563511092042,0.20915441642377391,0.10467621340767963
3062,3070,BRFC_alpha_0_5_1_0_1_0_Medium,0.9755,0.9766666666666666,10,10,0.5,676112,332,125602,654,0.6632860040567952,0.005179951843872766,0.002629578000253453
11097,11099,BRFC_alpha_0_5_1_0_1_0_Easy,0.998,0.999,13,11,0.4583333333333333,676340,104,126060,196,0.6533333333333333,0.001552401470029147,0.0008237232289950577
10829,11598,KBFC_alpha_0_5_gamma_0_0_1_0_1_0_Hard,0.56281525,0.5630434,10,11,0.5238095238095238,668544,7900,110428,15828,0.6670600134861767,0.12536433912051703,0.06257128374097072
12292,12320,KBFC_alpha_0_5_gamma_0_0_1_0_1_0_Medium,0.6979665,0.69899845,10,16,0.6153846153846154,676170,274,125709,547,0.6662606577344702,0.004332467367887467,0.0021701938917754403
11217,11219,KBFC_alpha_0_5_gamma_0_0_1_0_1_0_Easy,0.48503628,0.49184173,18,12,0.4,676434,10,126244,12,0.5454545454545454,9.50449879609682e-05,7.920415663414016e-05
