Index,len,Filename,min,max,Neg,Pos,$\frac{\text{Pos}}{\text{Neg}+\text{Pos}}$,TN,FP,FN,TP,Prec,Rec,FP/P
139,429,BRFC_alpha_0_5_0_0_1_1_Hard,0.5075,0.5098333333333334,67,13,0.1625,490085,186359,33564,92692,0.3321686716765036,0.734159168673172,1.4760407426181725
1832,3346,BRFC_alpha_0_5_0_0_1_1_Medium,0.5960000000000001,0.5962142857142857,50,10,0.16666666666666666,545908,130536,61087,65169,0.33299609105541506,0.516165568369028,1.033899379039412
8754,11146,BRFC_alpha_0_5_0_0_1_1_Easy,0.7355578261607674,0.7356062271062271,13,10,0.43478260869565216,623443,53001,99795,26461,0.33300193803327377,0.20958211886959827,0.4197899505766063
4651,11628,KBFC_alpha_0_5_gamma_0_0_0_0_1_1_Hard,0.1889212,0.18894732,26,10,0.2777777777777778,516776,159668,46550,79706,0.33297684794505666,0.6313046508680775,1.264636928145989
7407,12317,KBFC_alpha_0_5_gamma_0_0_0_0_1_1_Medium,0.23558256,0.23559909,21,10,0.3225806451612903,572321,104123,74279,51977,0.3329724535554132,0.4116794449372703,0.8246974401216576
9842,11220,KBFC_alpha_0_5_gamma_0_0_0_0_1_1_Easy,0.29227117,0.29230425,32,11,0.2558139534883721,646331,30113,111222,15034,0.33300108534343364,0.11907552908376631,0.23850747687238627
