Index,len,Filename,min,max,Neg,Pos,$\frac{\text{Pos}}{\text{Neg}+\text{Pos}}$,TN,FP,FN,TP,Prec,Rec,FP/P
51,64,BRFC_alpha_0_5_1_0_1_1_Hard,0.77,0.7796666666666667,2361,2391,0.5031565656565656,659036,17408,96683,29573,0.629467231433984,0.2342304524141427,0.13787859586871118
107,114,BRFC_alpha_0_5_1_0_1_1_Medium,0.88,0.8899999999999999,1306,1353,0.5088379089883415,670159,6285,117758,8498,0.574849489278225,0.0673076923076923,0.04977981244455709
124,126,BRFC_alpha_0_5_1_0_1_1_Easy,0.9410833333333334,0.962452380952381,1138,1000,0.4677268475210477,675444,1000,124964,1292,0.5636998254799301,0.010233177037130909,0.007920415663414017
108,119,KBFC_alpha_0_5_gamma_0_0_1_0_1_1_Hard,0.55028284,0.5628893,1000,1006,0.5014955134596212,666443,10001,108152,18104,0.6441558441558441,0.14339120517044734,0.07921207704980357
120,125,KBFC_alpha_0_5_gamma_0_0_1_0_1_1_Medium,0.5340139,0.55154186,1016,1000,0.49603174603174605,672444,4000,120973,5283,0.5691048152536895,0.041843555949816244,0.031681662653656066
126,127,KBFC_alpha_0_5_gamma_0_0_1_0_1_1_Easy,0.40323353,0.52140087,1506,1002,0.39952153110047844,676444,0,126256,0,,0.0,0.0
