Index,len,Filename,min,max,Neg,Pos,$\frac{\text{Pos}}{\text{Neg}+\text{Pos}}$,TN,FP,FN,TP,Prec,Rec,FP/P
39,63,BRFC_alpha_0_5_1_1_1_0_Hard,0.65,0.6593333333333333,5115,2356,0.3153526970954357,618663,57781,67481,58775,0.5042640447510209,0.4655224306171588,0.45764953744772524
95,108,BRFC_alpha_0_5_1_1_1_0_Medium,0.81,0.8199999999999998,2587,1799,0.4101687186502508,658066,18378,107792,18464,0.5011671461918462,0.1462425548092764,0.1455613990622228
122,126,BRFC_alpha_0_5_1_1_1_0_Easy,0.9092012987012988,0.9237056277056276,1310,1001,0.43314582431847687,672976,3468,122964,3292,0.48698224852071004,0.026074008363958942,0.027468001520719806
87,119,KBFC_alpha_0_5_gamma_0_0_1_1_1_0_Hard,0.35355383,0.3600021,1906,1000,0.3441156228492774,637613,38831,87112,39144,0.5020070535428022,0.31003675072867826,0.3075576606260296
113,126,KBFC_alpha_0_5_gamma_0_0_1_1_1_0_Medium,0.42307726,0.43274665,1357,1000,0.42426813746287656,663310,13134,113012,13244,0.5020850708924104,0.10489798504625522,0.10402673932327969
125,127,KBFC_alpha_0_5_gamma_0_0_1_1_1_0_Easy,0.37949792,0.40322435,1628,1000,0.380517503805175,674938,1506,125254,1002,0.39952153110047844,0.007936256494740845,0.011928145989101508
