Index,len,Filename,min,max,Neg,Pos,$\frac{\text{Pos}}{\text{Neg}+\text{Pos}}$,TN,FP,FN,TP,Prec,Rec,FP/P
53,63,BRFC_alpha_0_5_1_1_1_0_Hard,0.79,0.7992460317460318,1966,2272,0.536101934874941,663550,12894,100289,25967,0.6682020534726333,0.20566943353187175,0.10212583956406032
106,108,BRFC_alpha_0_5_1_1_1_0_Medium,0.9293333333333332,0.9498333333333332,1000,1423,0.5872884853487412,675255,1189,124127,2129,0.6416515973477999,0.01686256494740844,0.009417374223799265
124,126,BRFC_alpha_0_5_1_1_1_0_Easy,0.9410833333333334,0.962452380952381,1138,1000,0.4677268475210477,675444,1000,124964,1292,0.5636998254799301,0.010233177037130909,0.007920415663414017
110,119,KBFC_alpha_0_5_gamma_0_0_1_1_1_0_Hard,0.5632727,0.5795691,1000,1209,0.5473064735174287,668444,8000,110445,15811,0.664020830708496,0.125229692054239,0.06336332530731213
124,126,KBFC_alpha_0_5_gamma_0_0_1_1_1_0_Medium,0.5869056,0.62943286,1000,1307,0.5665366276549632,675444,1000,124647,1609,0.6167113836719049,0.012743948802433151,0.007920415663414017
125,127,KBFC_alpha_0_5_gamma_0_0_1_1_1_0_Easy,0.37949792,0.40322435,1628,1000,0.380517503805175,674938,1506,125254,1002,0.39952153110047844,0.007936256494740845,0.011928145989101508
