Index,len,Filename,min,max,Neg,Pos,$\frac{\text{Pos}}{\text{Neg}+\text{Pos}}$,TN,FP,FN,TP,Prec,Rec,FP/P
39,62,BRFC_alpha_0_5_0_0_0_1_Hard.csv,0.66,0.6692857142857143,5168,2424,0.3192834562697576,620855,55589,70497,55759,0.5007633724898516,0.4416344569763021,0.44028798631352173
96,111,BRFC_alpha_0_5_0_0_0_1_Medium.csv,0.8,0.8099999999999998,2939,1884,0.39062823968484345,654695,21749,104553,21703,0.4994706802908957,0.17189678114307438,0.17226112026359144
122,126,BRFC_alpha_0_5_0_0_0_1_Easy.csv,0.9103571428571428,0.9258769841269838,1307,1000,0.43346337234503685,673187,3257,123013,3243,0.4989230769230769,0.025685907996451655,0.02579679381573945
85,118,KBFC_alpha_0_5_gamma_0_0_0_0_0_1_Hard.csv,0.362057,0.36808333,1887,1000,0.3463803255975061,636147,40297,85920,40336,0.5002418364689395,0.31947788619946776,0.3191689899885946
111,125,KBFC_alpha_0_5_gamma_0_0_0_0_0_1_Medium.csv,0.42417902,0.43394867,1387,1000,0.41893590280687054,661882,14562,111851,14405,0.49729001967756414,0.1140935876314789,0.1153370928906349
125,127,KBFC_alpha_0_5_gamma_0_0_0_0_0_1_Easy.csv,0.38157535,0.40491256,1627,1000,0.3806623524933384,674998,1446,125256,1000,0.4088307440719542,0.007920415663414017,0.011452921049296667
