Index,len,Filename,min,max,Neg,Pos,$\frac{\text{Pos}}{\text{Neg}+\text{Pos}}$,TN,FP,FN,TP,Prec,Rec,FP/P
134,412,BRFC_alpha_0_5_0_0_0_1_Hard,0.5075,0.509595238095238,63,14,0.18181818181818182,490344,186100,33830,92426,0.3318397564320746,0.7320523381067039,1.4739893549613483
1733,3167,BRFC_alpha_0_5_0_0_0_1_Medium,0.5953333333333333,0.5956190476190476,75,10,0.11764705882352941,545909,130535,61079,65177,0.3330250572269457,0.5162289316943354,1.0338914586237486
8783,11147,BRFC_alpha_0_5_0_0_0_1_Easy,0.7365606060606059,0.7366228442358395,31,10,0.24390243902439024,623919,52525,100032,26224,0.33300740326861294,0.20770498035736915,0.4160198327208212
4539,11604,KBFC_alpha_0_5_gamma_0_0_0_0_0_1_Hard,0.18678424,0.18681099,47,10,0.17543859649122806,514542,161902,45420,80836,0.33301749211083553,0.6402547205677354,1.282331136738056
7299,12301,KBFC_alpha_0_5_gamma_0_0_0_0_0_1_Medium,0.22349182,0.22352555,47,10,0.17543859649122806,570126,106318,73179,53077,0.33299036983594216,0.4203919021670257,0.8420827525028514
9832,11185,KBFC_alpha_0_5_gamma_0_0_0_0_0_1_Easy,0.29302233,0.29307988,23,10,0.30303030303030304,646701,29743,111408,14848,0.33298199188176986,0.11760233177037131,0.23557692307692307
