Index,len,Filename,min,max,Neg,Pos,$\frac{\text{Pos}}{\text{Neg}+\text{Pos}}$,TN,FP,FN,TP,Prec,Rec,FP/P
235,412,BRFC_alpha_0_5_0_0_0_1_Hard,0.66,0.6616666666666667,4881,2298,0.32010029251984956,620568,55876,70371,55885,0.5000402644929806,0.4426324293498923,0.44256114560892157
2759,3167,BRFC_alpha_0_5_0_0_0_1_Medium,0.8095,0.8099999999999998,36,10,0.21739130434782608,654695,21749,104553,21703,0.4994706802908957,0.17189678114307438,0.17226112026359144
10909,11147,BRFC_alpha_0_5_0_0_0_1_Easy,0.9259812838949832,0.9263488455988456,27,10,0.2702702702702703,673217,3227,123026,3230,0.5002323060244696,0.02558294259282727,0.02555918134583703
8571,11604,KBFC_alpha_0_5_gamma_0_0_0_0_0_1_Hard,0.36766857,0.36774808,23,10,0.30303030303030304,636046,40398,85855,40401,0.5000185645861954,0.31999271321758965,0.31996895197059944
11155,12301,KBFC_alpha_0_5_gamma_0_0_0_0_0_1_Medium,0.43777996,0.43788576,15,10,0.4,662443,14001,112255,14001,0.5,0.11089373970345964,0.11089373970345964
11181,11185,KBFC_alpha_0_5_gamma_0_0_0_0_0_1_Easy,0.47715938,0.48282292,23,10,0.30303030303030304,676411,33,126225,31,0.484375,0.0002455328855658345,0.00026137371689266255
