Index,len,Filename,p,Neg,Pos,$\frac{\text{Pos}}{\text{Neg}+\text{Pos}}$,TN,FP,FN,TP,Prec,FP/P
2789,3151,BRFC_alpha_0_5_1_0_1_0_Hard.csv,0.84,1109,1867,0.6273521505376344,670435,6009,110362,15894,0.7256540199972606,0.04759377772145482
38152,39668,BRFC_alpha_0_5_1_0_1_0_Medium.csv,0.88,632,780,0.5524079320113314,670133,6311,118199,8057,0.560760022271715,0.04998574325180585
159224,164589,BRFC_alpha_0_5_1_0_1_0_Easy.csv,0.8954523809523812,0,1,1.0,670131,6313,120845,5411,0.4615319003752985,0.05000158408313268
