Index,len,Filename,min,max,Neg,Pos,$\frac{\text{Pos}}{\text{Neg}+\text{Pos}}$,TN,FP,FN,TP,Prec,Rec,FP/P
58,62,BRFC_alpha_0_5_1_0_1_0_Hard.csv,0.85,0.8697380952380952,2031,3734,0.6477016478751084,672520,3924,114188,12068,0.7546273136568284,0.09558357622608034,0.0310797110632366
108,109,BRFC_alpha_0_5_1_0_1_0_Medium.csv,0.95,1.0,1213,2072,0.6307458143074581,676444,0,126256,0,,0.0,0.0
125,126,BRFC_alpha_0_5_1_0_1_0_Easy.csv,0.9624880952380952,1.0,1000,1292,0.5636998254799301,676444,0,126256,0,,0.0,0.0
