Index,len,Filename,min,max,Neg,Pos,$\frac{\text{Pos}}{\text{Neg}+\text{Pos}}$,TN,FP,FN,TP,Prec,Rec,FP/P
52,62,BRFC_alpha_0_5_1_0_1_0_Hard.csv,0.79,0.7995833333333334,1884,2294,0.5490665390138822,663228,13216,99849,26407,0.6664563511092042,0.20915441642377391,0.10467621340767963
107,109,BRFC_alpha_0_5_1_0_1_0_Medium.csv,0.9266666666666667,0.9499999999999998,1018,1500,0.5957108816521048,675231,1213,124184,2072,0.6307458143074581,0.01641110125459384,0.009607464199721201
124,126,BRFC_alpha_0_5_1_0_1_0_Easy.csv,0.9410833333333334,0.962452380952381,1138,1000,0.4677268475210477,675444,1000,124964,1292,0.5636998254799301,0.010233177037130909,0.007920415663414017
110,119,KBFC_alpha_0_5_gamma_0_0_1_0_1_0_Hard.csv,0.5451122,0.56109846,1000,1163,0.5376791493296348,668444,8000,110302,15954,0.6660265508892043,0.1263623114941072,0.06336332530731213
124,126,KBFC_alpha_0_5_gamma_0_0_1_0_1_0_Medium.csv,0.59286493,0.63415134,1000,1291,0.5635093845482322,675444,1000,124600,1656,0.6234939759036144,0.01311620833861361,0.007920415663414017
125,127,KBFC_alpha_0_5_gamma_0_0_1_0_1_0_Easy.csv,0.37949792,0.40322435,1628,1000,0.380517503805175,674938,1506,125254,1002,0.39952153110047844,0.007936256494740845,0.011928145989101508
