Index,len,Filename,min,max,Neg,Pos,$\frac{\text{Pos}}{\text{Neg}+\text{Pos}}$,TN,FP,FN,TP,Prec,Rec,FP/P
52,62,BRFC_alpha_0_5_1_0_1_0_Hard.csv,0.79,0.7995833333333334,1884,2294,0.5490665390138822,663228,13216,99849,26407,0.6664563511092042,0.20915441642377391,0.10467621340767963
107,109,BRFC_alpha_0_5_1_0_1_0_Medium.csv,0.9266666666666667,0.9499999999999998,1018,1500,0.5957108816521048,675231,1213,124184,2072,0.6307458143074581,0.01641110125459384,0.009607464199721201
124,126,BRFC_alpha_0_5_1_0_1_0_Easy.csv,0.9410833333333334,0.962452380952381,1138,1000,0.4677268475210477,675444,1000,124964,1292,0.5636998254799301,0.010233177037130909,0.007920415663414017
