Index,len,Filename,min,max,Neg,Pos,$\frac{\text{Pos}}{\text{Neg}+\text{Pos}}$,TN,FP,FN,TP,Prec,Rec,FP/P
38,62,BRFC_alpha_0_5_1_0_1_0_Hard.csv,0.65,0.6593333333333333,5244,2348,0.30927291886195996,618312,58132,67346,58910,0.5033235932400335,0.4665916867317197,0.4604296033455836
96,109,BRFC_alpha_0_5_1_0_1_0_Medium.csv,0.81,0.8199999999999998,2599,1873,0.4188282647584973,657900,18544,107865,18391,0.49792879382699334,0.14566436446584716,0.1468761880623495
122,126,BRFC_alpha_0_5_1_0_1_0_Easy.csv,0.9092012987012988,0.9237056277056276,1310,1001,0.43314582431847687,672976,3468,122964,3292,0.48698224852071004,0.026074008363958942,0.027468001520719806
