Index,len,Filename,min,max,Neg,Pos,$\frac{\text{Pos}}{\text{Neg}+\text{Pos}}$,TN,FP,FN,TP,Prec,Rec,FP/P
39,63,BRFC_alpha_0_5_0_0_0_1_0_Hard.csv,0.65,0.6593333333333333,5294,2406,0.31246753246753245,619048,57396,67734,58522,0.5048568815887092,0.463518565454315,0.45460017741731085
95,109,BRFC_alpha_0_5_0_0_0_1_0_Medium.csv,0.8,0.8099999999999998,2782,1882,0.403516295025729,655950,20494,106049,20207,0.49647428810102945,0.160047839310607,0.16232099860600685
122,126,BRFC_alpha_0_5_0_0_0_1_0_Easy.csv,0.9103571428571428,0.9258769841269838,1307,1000,0.43346337234503685,673187,3257,123013,3243,0.4989230769230769,0.025685907996451655,0.02579679381573945
