Index,len,Filename,min,max,Neg,Pos,$\frac{\text{Pos}}{\text{Neg}+\text{Pos}}$,TN,FP,FN,TP,Prec,Rec,FP/P
110,120,BRFC_alpha_0_5_0_1_0_1_Hard,0.87,0.8791666666666668,756,1468,0.6600719424460432,673494,2950,116947,9309,0.7593604698588792,0.07373114941072108,0.023365226207071346
626,629,BRFC_alpha_0_5_0_1_0_1_Medium,0.97,0.9792221353208194,238,458,0.6580459770114943,676125,319,125502,754,0.7027027027027027,0.005971993410214168,0.002526612596629071
1240,1241,BRFC_alpha_0_5_0_1_0_1_Easy,1.0,1.0,122,209,0.6314199395770392,676444,0,126256,0,,0.0,0.0
1139,1178,KBFC_alpha_0_5_gamma_0_0_0_1_0_1_Hard,0.67041844,0.6739146,100,200,0.6666666666666666,672644,3800,116516,9740,0.7193500738552437,0.07714484856165252,0.03009757952097326
1242,1247,KBFC_alpha_0_5_gamma_0_0_0_1_0_1_Medium,0.67489237,0.6862447,100,202,0.6688741721854304,676044,400,125480,776,0.6598639455782312,0.006146242554809276,0.0031681662653656063
1244,1247,KBFC_alpha_0_5_gamma_0_0_0_1_0_1_Easy,0.44368535,0.45202255,115,100,0.46511627906976744,676203,241,126056,200,0.45351473922902497,0.0015840831326828031,0.0019088201748827778
