Index,len,Filename,min,max,Neg,Pos,$\frac{\text{Pos}}{\text{Neg}+\text{Pos}}$,TN,FP,FN,TP,Prec,Rec,FP/P
1365,1366,BRFC_alpha_0_5_1_0_0_1_Hard,1.0,1.0,6,162.0,0.9642857142857143,676444,0,126256.0,0.0,,0.0,0.0
2640,13746,BRFC_alpha_0_5_1_0_0_1_Medium,0.3606060606060606,0.3606190476190476,1,1,0.5,285745,390699,18515,107741,0.21615640799293798,0.8533535039918895,3.0944984792801926
41562,63567,BRFC_alpha_0_5_1_0_0_1_Easy,0.658125,0.6581270396270399,3,3,0.5,575895,100549,85131,41125,0.29027909143526687,0.3257270941579014,0.7963898745406159
105664,105665,KBFC_alpha_0_5_gamma_0_0_1_0_0_1_Hard,0.9672934,0.9712188,1,2.0,0.6666666666666666,676444,0,126256.0,0.0,,0.0,0.0
112052,112053,KBFC_alpha_0_5_gamma_0_0_1_0_0_1_Medium,0.87650144,0.9000867,1,2.0,0.6666666666666666,676444,0,126256.0,0.0,,0.0,0.0
65163,65164,KBFC_alpha_0_5_gamma_0_0_1_0_0_1_Easy,0.503468,0.52146393,3,6.0,0.6666666666666666,676444,0,126256.0,0.0,,0.0,0.0
