Index,len,Filename,min,max,Neg,Pos,$\frac{\text{Pos}}{\text{Neg}+\text{Pos}}$,TN,FP,FN,TP,Prec,Rec,FP/P
1365,1366,BRFC_alpha_0_5_1_0_0_1_Hard,1.0,1.0,6,162.0,0.9642857142857143,676444,0,126256.0,0.0,,0.0,0.0
13671,13746,BRFC_alpha_0_5_1_0_0_1_Medium,0.96,0.9600238095238096,226,437,0.6591251885369532,675785,659,124931,1325,0.6678427419354839,0.010494550754023571,0.005219553922189837
63565,63567,BRFC_alpha_0_5_1_0_0_1_Easy,0.9989285714285714,0.9992857142857144,4,1,0.2,676334,110,126049,207,0.6529968454258676,0.0016395260423267013,0.0008712457229755417
105664,105665,KBFC_alpha_0_5_gamma_0_0_1_0_0_1_Hard,0.9672934,0.9712188,1,2.0,0.6666666666666666,676444,0,126256.0,0.0,,0.0,0.0
112052,112053,KBFC_alpha_0_5_gamma_0_0_1_0_0_1_Medium,0.87650144,0.9000867,1,2.0,0.6666666666666666,676444,0,126256.0,0.0,,0.0,0.0
65163,65164,KBFC_alpha_0_5_gamma_0_0_1_0_0_1_Easy,0.503468,0.52146393,3,6.0,0.6666666666666666,676444,0,126256.0,0.0,,0.0,0.0
