Index,len,Filename,min,max,Neg,Pos,$\frac{\text{Pos}}{\text{Neg}+\text{Pos}}$,TN,FP,FN,TP,Prec,Rec,FP/P
1365,1366,BRFC_alpha_0_5_1_0_0_1_Hard,1.0,1.0,6,162.0,0.9642857142857143,676444,0,126256.0,0.0,,0.0,0.0
12019,13746,BRFC_alpha_0_5_1_0_0_1_Medium,0.8149999999999998,0.8149999999999998,9,2,0.18181818181818182,656234,20210,106049,20207,0.4999628869040255,0.160047839310607,0.16007160055759725
62411,63567,BRFC_alpha_0_5_1_0_0_1_Easy,0.9320079365079365,0.9320263347763346,1,4,0.8,673675,2769,123487,2769,0.5,0.02193163097199341,0.02193163097199341
105664,105665,KBFC_alpha_0_5_gamma_0_0_1_0_0_1_Hard,0.9672934,0.9712188,1,2.0,0.6666666666666666,676444,0,126256.0,0.0,,0.0,0.0
112052,112053,KBFC_alpha_0_5_gamma_0_0_1_0_0_1_Medium,0.87650144,0.9000867,1,2.0,0.6666666666666666,676444,0,126256.0,0.0,,0.0,0.0
65163,65164,KBFC_alpha_0_5_gamma_0_0_1_0_0_1_Easy,0.503468,0.52146393,3,6.0,0.6666666666666666,676444,0,126256.0,0.0,,0.0,0.0
