Index,len,Filename,min,max,Neg,Pos,$\frac{\text{Pos}}{\text{Neg}+\text{Pos}}$,TN,FP,FN,TP,Prec,Rec,FP/P
1299,1300,BRFC_alpha_0_5_0_0_1_0_Hard,1.0,1.0,12,137.0,0.9194630872483222,676444,0,126256.0,0.0,,0.0,0.0
11786,13615,BRFC_alpha_0_5_0_0_1_0_Medium,0.8053333333333335,0.8053333333333335,1,2,0.6666666666666666,654410,22034,105611,20645,0.4837273600599827,0.16351698137118237,0.17451843872766443
55020,63485,BRFC_alpha_0_5_0_0_1_0_Easy,0.80125,0.80125,1,2,0.6666666666666666,650319,26125,110812,15444,0.3715268589573961,0.12232289950576607,0.20692085920669118
105991,105992,KBFC_alpha_0_5_gamma_0_0_0_0_1_0_Hard,0.97144973,0.99490607,1,9.0,0.9,676444,0,126256.0,0.0,,0.0,0.0
112073,112074,KBFC_alpha_0_5_gamma_0_0_0_0_1_0_Medium,0.8593353,0.8986998,1,3.0,0.75,676444,0,126256.0,0.0,,0.0,0.0
65020,65021,KBFC_alpha_0_5_gamma_0_0_0_0_1_0_Easy,0.5049188,0.5063206,1,3.0,0.75,676444,0,126256.0,0.0,,0.0,0.0
