Index,len,Filename,min,max,Neg,Pos,$\frac{\text{Pos}}{\text{Neg}+\text{Pos}}$,TN,FP,FN,TP,Prec,Rec,FP/P
1299,1300,BRFC_alpha_0_5_0_0_1_0_Hard,1.0,1.0,12,137.0,0.9194630872483222,676444,0,126256.0,0.0,,0.0,0.0
13568,13615,BRFC_alpha_0_5_0_0_1_0_Medium,0.96925,0.9693650793650792,1,1,0.5,675943,501,125264,992,0.6644340254521098,0.007857052338106704,0.003968128247370422
63477,63485,BRFC_alpha_0_5_0_0_1_0_Easy,0.9979411764705882,0.9979411764705882,2,1,0.3333333333333333,676307,137,126042,214,0.6096866096866097,0.0016949689519705994,0.0010850969458877202
105991,105992,KBFC_alpha_0_5_gamma_0_0_0_0_1_0_Hard,0.97144973,0.99490607,1,9.0,0.9,676444,0,126256.0,0.0,,0.0,0.0
112073,112074,KBFC_alpha_0_5_gamma_0_0_0_0_1_0_Medium,0.8593353,0.8986998,1,3.0,0.75,676444,0,126256.0,0.0,,0.0,0.0
65020,65021,KBFC_alpha_0_5_gamma_0_0_0_0_1_0_Easy,0.5049188,0.5063206,1,3.0,0.75,676444,0,126256.0,0.0,,0.0,0.0
