Index,len,Filename,min,max,Neg,Pos,$\frac{\text{Pos}}{\text{Neg}+\text{Pos}}$,TN,FP,FN,TP,Prec,Rec,FP/P
1299,1300,BRFC_alpha_0_5_0_0_1_0_Hard,1.0,1.0,12,137.0,0.9194630872483222,676444,0,126256.0,0.0,,0.0,0.0
12028,13615,BRFC_alpha_0_5_0_0_1_0_Medium,0.82,0.82,1139,981,0.46273584905660375,658947,17497,108739,17517,0.500285600045696,0.13874192117602333,0.13858351286275503
62050,63485,BRFC_alpha_0_5_0_0_1_0_Easy,0.9242976190476192,0.9243226773226773,7,1,0.125,673124,3320,122936,3320,0.5,0.026295780002534533,0.026295780002534533
105991,105992,KBFC_alpha_0_5_gamma_0_0_0_0_1_0_Hard,0.97144973,0.99490607,1,9.0,0.9,676444,0,126256.0,0.0,,0.0,0.0
112073,112074,KBFC_alpha_0_5_gamma_0_0_0_0_1_0_Medium,0.8593353,0.8986998,1,3.0,0.75,676444,0,126256.0,0.0,,0.0,0.0
65020,65021,KBFC_alpha_0_5_gamma_0_0_0_0_1_0_Easy,0.5049188,0.5063206,1,3.0,0.75,676444,0,126256.0,0.0,,0.0,0.0
