Index,len,Filename,min,max,Neg,Pos,$\frac{\text{Pos}}{\text{Neg}+\text{Pos}}$,TN,FP,FN,TP,Prec,Rec,FP/P
359,429,BRFC_alpha_0_5_0_0_1_1_Hard,0.8056666666666666,0.8066666666666665,10,20,0.6666666666666666,664929,11515,103296,22960,0.665989847715736,0.1818527436319858,0.0912035863642124
3335,3346,BRFC_alpha_0_5_0_0_1_1_Medium,0.9705,0.9729444444444444,10,20,0.6666666666666666,676050,394,125370,886,0.6921875,0.007017488277784818,0.003120643771385122
11139,11146,BRFC_alpha_0_5_0_0_1_1_Easy,0.9925,0.9933333333333332,11,22,0.6666666666666666,676238,206,125965,291,0.5855130784708249,0.002304840958053479,0.0016316056266632872
11065,11628,KBFC_alpha_0_5_gamma_0_0_0_0_1_1_Hard,0.62754685,0.6278701,10,20,0.6666666666666666,670780,5664,113460,12796,0.6931744312026002,0.10134963882904575,0.044861234317576985
11660,12317,KBFC_alpha_0_5_gamma_0_0_0_0_1_1_Medium,0.5093996,0.5095711,10,20,0.6666666666666666,668958,7486,117660,8596,0.534510633005845,0.06808389304270689,0.05929223165631732
10894,11220,KBFC_alpha_0_5_gamma_0_0_0_0_1_1_Easy,0.35933852,0.35942423,10,21,0.6774193548387096,670544,5900,122700,3556,0.3760575296108291,0.028164998099100242,0.04673045241414269
