Index,len,Filename,min,max,Neg,Pos,$\frac{\text{Pos}}{\text{Neg}+\text{Pos}}$,TN,FP,FN,TP,Prec,Rec,FP/P
1439,1440,BRFC_alpha_0_5_1_1_1_1_Hard,1.0,1.0,9,180.0,0.9523809523809523,676444,0,126256.0,0.0,,0.0,0.0
4406,14856,BRFC_alpha_0_5_1_1_1_1_Medium,0.4387857142857143,0.4387857142857143,1,2,0.6666666666666666,384907,291537,30618,95638,0.24701491573577838,0.7574927132175897,2.309094221264732
13252,63587,BRFC_alpha_0_5_1_1_1_1_Easy,0.3726904761904761,0.3726904761904761,1,2,0.6666666666666666,243306,433138,21790,104466,0.19431775061197462,0.8274141426942085,3.43063299961982
106030,106031,KBFC_alpha_0_5_gamma_0_0_1_1_1_1_Hard,0.9611683,0.9745622,1,13.0,0.9285714285714286,676444,0,126256.0,0.0,,0.0,0.0
112057,112058,KBFC_alpha_0_5_gamma_0_0_1_1_1_1_Medium,0.8581374,0.87339306,2,1.0,0.3333333333333333,676444,0,126256.0,0.0,,0.0,0.0
65129,65130,KBFC_alpha_0_5_gamma_0_0_1_1_1_1_Easy,0.49847233,0.52140087,6,6.0,0.5,676444,0,126256.0,0.0,,0.0,0.0
