Index,len,Filename,min,max,Neg,Pos,$\frac{\text{Pos}}{\text{Neg}+\text{Pos}}$,TN,FP,FN,TP,Prec,Rec,FP/P
1439,1440,BRFC_alpha_0_5_1_1_1_1_Hard,1.0,1.0,9,180.0,0.9523809523809523,676444,0,126256.0,0.0,,0.0,0.0
13008,14856,BRFC_alpha_0_5_1_1_1_1_Medium,0.8149999999999998,0.8149999999999998,4,1,0.2,656085,20359,105931,20325,0.4995821453151116,0.16098244835888986,0.16125174249144594
62342,63587,BRFC_alpha_0_5_1_1_1_1_Easy,0.9302570894447828,0.9302570894447828,7,1,0.125,673543,2901,123353,2903,0.5001722949689869,0.022992966670890888,0.02297712583956406
106030,106031,KBFC_alpha_0_5_gamma_0_0_1_1_1_1_Hard,0.9611683,0.9745622,1,13.0,0.9285714285714286,676444,0,126256.0,0.0,,0.0,0.0
112057,112058,KBFC_alpha_0_5_gamma_0_0_1_1_1_1_Medium,0.8581374,0.87339306,2,1.0,0.3333333333333333,676444,0,126256.0,0.0,,0.0,0.0
65129,65130,KBFC_alpha_0_5_gamma_0_0_1_1_1_1_Easy,0.49847233,0.52140087,6,6.0,0.5,676444,0,126256.0,0.0,,0.0,0.0
