Index,len,Filename,min,max,Neg,Pos,$\frac{\text{Pos}}{\text{Neg}+\text{Pos}}$,TN,FP,FN,TP,Prec,Rec,FP/P
39,62,BRFC_alpha_0_5_1_1_1_1_Hard,0.66,0.6693333333333333,5230,2457,0.3196305450761025,620687,55757,70208,56048,0.5013013729260767,0.4439234571030288,0.4416186161449753
98,112,BRFC_alpha_0_5_1_1_1_1_Medium,0.81,0.8199999999999998,2662,1858,0.41106194690265485,657024,19420,106456,19800,0.5048444671086181,0.15682423013559751,0.1538144721835002
122,126,BRFC_alpha_0_5_1_1_1_1_Easy,0.9092012987012988,0.9237056277056276,1310,1001,0.43314582431847687,672976,3468,122964,3292,0.48698224852071004,0.026074008363958942,0.027468001520719806
87,119,KBFC_alpha_0_5_gamma_0_0_1_1_1_1_Hard,0.36972612,0.37656787,2084,1000,0.324254215304799,637641,38803,87125,39131,0.5021043447019272,0.30993378532505383,0.30733588898745406
113,126,KBFC_alpha_0_5_gamma_0_0_1_1_1_1_Medium,0.43692845,0.44700715,1377,1000,0.4206983592763988,663249,13195,113009,13247,0.5009832841691249,0.10492174629324547,0.10450988467874794
125,127,KBFC_alpha_0_5_gamma_0_0_1_1_1_1_Easy,0.37949792,0.40322435,1628,1000,0.380517503805175,674938,1506,125254,1002,0.39952153110047844,0.007936256494740845,0.011928145989101508
