Index,len,Filename,min,max,Neg,Pos,$\frac{\text{Pos}}{\text{Neg}+\text{Pos}}$,TN,FP,FN,TP,Prec,Rec,FP/P
59,63,BRFC_alpha_0_5_1_0_0_0_Hard.csv,0.85,0.8691666666666665,1938,3700,0.656261085491309,672584,3860,114526,11730,0.7524053880692751,0.0929064757318464,0.030572804460778102
107,108,BRFC_alpha_0_5_1_0_0_0_Medium.csv,0.95,1.0,1074,1981,0.6484451718494272,676444,0,126256,0,,0.0,0.0
125,126,BRFC_alpha_0_5_1_0_0_0_Easy.csv,0.9630992063492064,1.0,1001,1277,0.5605794556628622,676444,0,126256,0,,0.0,0.0
114,118,KBFC_alpha_0_5_gamma_0_0_1_0_0_0_Hard.csv,0.6588259,0.6945904,1000,1870,0.6515679442508711,673444,3000,117909,8347,0.7356129373402661,0.06611170954251679,0.023761246990242048
124,125,KBFC_alpha_0_5_gamma_0_0_1_0_0_0_Medium.csv,0.6410135,0.8927599,1000,1688,0.6279761904761905,676444,0,126256,0,,0.0,0.0
126,127,KBFC_alpha_0_5_gamma_0_0_1_0_0_0_Easy.csv,0.40283626,0.52146393,1521,1001,0.39690721649484534,676444,0,126256,0,,0.0,0.0
