Index,len,Filename,min,max,Neg,Pos,$\frac{\text{Pos}}{\text{Neg}+\text{Pos}}$,TN,FP,FN,TP,Prec,Rec,FP/P
50,63,BRFC_alpha_0_5_1_0_0_0_Hard.csv,0.76,0.7691666666666667,2315,2343,0.5030055817947617,657039,19405,93261,32995,0.629675572519084,0.26133411481434543,0.15369566594854897
101,108,BRFC_alpha_0_5_1_0_0_0_Medium.csv,0.87,0.8799999999999999,1351,1398,0.5085485631138595,669783,6661,117740,8516,0.561112209264018,0.06745025978963376,0.05275788873400076
124,126,BRFC_alpha_0_5_1_0_0_0_Easy.csv,0.9414695027195026,0.9630595238095238,1157,1003,0.46435185185185185,675443,1001,124979,1277,0.5605794556628622,0.010114370802179699,0.00792833607907743
106,118,KBFC_alpha_0_5_gamma_0_0_1_0_0_0_Hard.csv,0.50943375,0.5210453,1000,1005,0.5012468827930174,665444,11000,106894,19362,0.6377050260193663,0.15335508807502218,0.08712457229755417
120,125,KBFC_alpha_0_5_gamma_0_0_1_0_0_0_Medium.csv,0.5319124,0.5497104,1000,1026,0.506416584402764,672444,4000,120996,5260,0.5680345572354212,0.04166138638955772,0.031681662653656066
126,127,KBFC_alpha_0_5_gamma_0_0_1_0_0_0_Easy.csv,0.40283626,0.52146393,1521,1001,0.39690721649484534,676444,0,126256,0,,0.0,0.0
