Index,len,Filename,min,max,Neg,Pos,$\frac{\text{Pos}}{\text{Neg}+\text{Pos}}$,TN,FP,FN,TP,Prec,Rec,FP/P
1439,1440,BRFC_alpha_0_5_1_1_1_1_Hard,1.0,1.0,9,180.0,0.9523809523809523,676444,0,126256.0,0.0,,0.0,0.0
7170,14856,BRFC_alpha_0_5_1_1_1_1_Medium,0.5537319624819625,0.5537380952380953,1,1,0.5,510933,165511,52427,73829,0.3084691234227459,0.5847563680141934,1.3109159168673172
57438,63587,BRFC_alpha_0_5_1_1_1_1_Easy,0.8323678091344499,0.8323678091344499,3,3,0.5,658972,17472,114706,11550,0.3979739507959479,0.09148080091243188,0.13838550247116968
106030,106031,KBFC_alpha_0_5_gamma_0_0_1_1_1_1_Hard,0.9611683,0.9745622,1,13.0,0.9285714285714286,676444,0,126256.0,0.0,,0.0,0.0
112057,112058,KBFC_alpha_0_5_gamma_0_0_1_1_1_1_Medium,0.8581374,0.87339306,2,1.0,0.3333333333333333,676444,0,126256.0,0.0,,0.0,0.0
65129,65130,KBFC_alpha_0_5_gamma_0_0_1_1_1_1_Easy,0.49847233,0.52140087,6,6.0,0.5,676444,0,126256.0,0.0,,0.0,0.0
