Index,len,Filename,min,max,Neg,Pos,$\frac{\text{Pos}}{\text{Neg}+\text{Pos}}$,TN,FP,FN,TP,Prec,Rec,FP/P
1439,1440,BRFC_alpha_0_5_1_1_1_1_Hard,1.0,1.0,9,180.0,0.9523809523809523,676444,0,126256.0,0.0,,0.0,0.0
14768,14856,BRFC_alpha_0_5_1_1_1_1_Medium,0.96,0.96,237,451,0.6555232558139535,675708,736,124779,1477,0.6674197921373701,0.011698453934862501,0.005829425928272716
63585,63587,BRFC_alpha_0_5_1_1_1_1_Easy,0.999,0.999,2,1,0.3333333333333333,676340,104,126060,196,0.6533333333333333,0.001552401470029147,0.0008237232289950577
106030,106031,KBFC_alpha_0_5_gamma_0_0_1_1_1_1_Hard,0.9611683,0.9745622,1,13.0,0.9285714285714286,676444,0,126256.0,0.0,,0.0,0.0
112057,112058,KBFC_alpha_0_5_gamma_0_0_1_1_1_1_Medium,0.8581374,0.87339306,2,1.0,0.3333333333333333,676444,0,126256.0,0.0,,0.0,0.0
65129,65130,KBFC_alpha_0_5_gamma_0_0_1_1_1_1_Easy,0.49847233,0.52140087,6,6.0,0.5,676444,0,126256.0,0.0,,0.0,0.0
