Index,len,Filename,min,max,Neg,Pos,$\frac{\text{Pos}}{\text{Neg}+\text{Pos}}$,TN,FP,FN,TP,Prec,Rec,FP/P
1439,1440,BRFC_alpha_0_5_1_1_1_1_Hard,1.0,1.0,9,180.0,0.9523809523809523,676444,0,126256.0,0.0,,0.0,0.0
8170,14856,BRFC_alpha_0_5_1_1_1_1_Medium,0.5941666666666667,0.5941666666666667,49,10,0.1694915254237288,544861,131583,60559,65697,0.3330139902676399,0.5203475478393106,1.0421920542390064
49706,63587,BRFC_alpha_0_5_1_1_1_1_Easy,0.7391935661461672,0.7391935661461672,8,1,0.1111111111111111,625498,50946,100823,25433,0.33298419722698647,0.20143993156760867,0.4035134963882905
106030,106031,KBFC_alpha_0_5_gamma_0_0_1_1_1_1_Hard,0.9611683,0.9745622,1,13.0,0.9285714285714286,676444,0,126256.0,0.0,,0.0,0.0
112057,112058,KBFC_alpha_0_5_gamma_0_0_1_1_1_1_Medium,0.8581374,0.87339306,2,1.0,0.3333333333333333,676444,0,126256.0,0.0,,0.0,0.0
65129,65130,KBFC_alpha_0_5_gamma_0_0_1_1_1_1_Easy,0.49847233,0.52140087,6,6.0,0.5,676444,0,126256.0,0.0,,0.0,0.0
