Index,len,Filename,min,max,Neg,Pos,$\frac{\text{Pos}}{\text{Neg}+\text{Pos}}$,TN,FP,FN,TP,Prec,Rec,FP/P
113,363,BRFC_alpha_0_5_1_1_0_0_Hard,0.4975,0.4999999999999999,79,11,0.12222222222222222,483783,192661,31671,94585,0.32928221802914576,0.7491525155240147,1.5259552021290077
1614,2909,BRFC_alpha_0_5_1_1_0_0_Medium,0.596,0.596297619047619,154,28,0.15384615384615385,547770,128674,62009,64247,0.33302232520047065,0.5088629451273603,1.0191515650741352
8837,11132,BRFC_alpha_0_5_1_1_0_0_Easy,0.7394609998274859,0.7394867077367077,12,12,0.5,625634,50810,100891,25365,0.33298326222513946,0.2009013433024965,0.40243631985806616
4556,11621,KBFC_alpha_0_5_gamma_0_0_1_1_0_0_Hard,0.18615945,0.18619633,43,10,0.18867924528301888,514889,161555,45596,80660,0.33300992919513656,0.6388607274109745,1.2795827525028514
7268,12311,KBFC_alpha_0_5_gamma_0_0_1_1_0_0_Medium,0.22726312,0.22728072,21,10,0.3225806451612903,569460,106984,72850,53406,0.3329758713136729,0.4229977189202889,0.8473577493346851
9854,11218,KBFC_alpha_0_5_gamma_0_0_1_1_0_0_Easy,0.2894131,0.2894433,41,10,0.19607843137254902,646712,29732,111414,14842,0.3329743796832234,0.11755480927639082,0.23548979850462554
