Index,len,Filename,min,max,Neg,Pos,$\frac{\text{Pos}}{\text{Neg}+\text{Pos}}$,TN,FP,FN,TP,Prec,Rec,FP/P
99,125,BRFC_alpha_0_5_0_0_1_1_Hard,0.77,0.7733333333333333,2263,2188,0.4915749269827005,658845,17599,96422,29834,0.6289713912255182,0.23629768090229375,0.13939139526042327
655,661,BRFC_alpha_0_5_0_0_1_1_Medium,0.9545714285714284,0.9598333333333332,100,100,0.5,675523,921,124421,1835,0.6658200290275762,0.01453396274236472,0.0072947028260043085
1211,1244,BRFC_alpha_0_5_0_0_1_1_Easy,0.9198138528138528,0.9210476190476188,101,101,0.5,672861,3583,122703,3553,0.49789798206278024,0.028141236852109997,0.028378849322012418
1073,1179,KBFC_alpha_0_5_gamma_0_0_0_0_1_1_Hard,0.5430344,0.5443184,100,100,0.5,665912,10532,107532,18724,0.6400054689636314,0.14830186288176403,0.08341781776707642
1176,1248,KBFC_alpha_0_5_gamma_0_0_0_0_1_1_Medium,0.5085772,0.5098145,100,100,0.5,668985,7459,117683,8573,0.5347430139720559,0.06790172348244836,0.059078380433405145
1247,1248,KBFC_alpha_0_5_gamma_0_0_0_0_1_1_Easy,0.4681596,0.5063206,113,101,0.4719626168224299,676444,0,126256,0,,0.0,0.0
