Index,len,Filename,min,max,Neg,Pos,$\frac{\text{Pos}}{\text{Neg}+\text{Pos}}$,TN,FP,FN,TP,Prec,Rec,FP/P
106,125,BRFC_alpha_0_5_0_0_1_1_Hard,0.8033333333333332,0.8099999999999998,102,118,0.5363636363636364,664956,11488,103332,22924,0.6661629664070673,0.1815676086681029,0.09098973514130021
656,661,BRFC_alpha_0_5_0_0_1_1_Medium,0.96,0.9603809523809522,215,426,0.6645865834633385,675738,706,124847,1409,0.6661938534278959,0.011159865669750349,0.005591813458370295
1242,1244,BRFC_alpha_0_5_0_0_1_1_Easy,0.991,0.9991666666666664,101,131,0.5646551724137931,676315,129,126064,192,0.5981308411214953,0.0015207198073754911,0.001021733620580408
1100,1179,KBFC_alpha_0_5_gamma_0_0_0_0_1_1_Hard,0.5828917,0.5846243,100,119,0.54337899543379,668643,7801,110593,15663,0.6675332424139107,0.12405747053605373,0.06178716259029274
1243,1248,KBFC_alpha_0_5_gamma_0_0_0_0_1_1_Medium,0.6829059,0.69260085,100,152,0.6031746031746031,676044,400,125461,795,0.6652719665271967,0.006296730452414143,0.0031681662653656063
1246,1248,KBFC_alpha_0_5_gamma_0_0_0_0_1_1_Easy,0.45310917,0.46800873,127,100,0.44052863436123346,676331,113,126155,101,0.4719626168224299,0.0007999619820048156,0.0008950069699657839
