Index,len,Filename,min,max,Neg,Pos,$\frac{\text{Pos}}{\text{Neg}+\text{Pos}}$,TN,FP,FN,TP,Prec,Rec,FP/P
38,62,BRFC_alpha_0_5_1_0_1_0_Hard.csv,0.65,0.6593333333333333,5244,2348,0.30927291886195996,618312,58132,67346,58910,0.5033235932400335,0.4665916867317197,0.4604296033455836
96,109,BRFC_alpha_0_5_1_0_1_0_Medium.csv,0.81,0.8199999999999998,2599,1873,0.4188282647584973,657900,18544,107865,18391,0.49792879382699334,0.14566436446584716,0.1468761880623495
122,126,BRFC_alpha_0_5_1_0_1_0_Easy.csv,0.9092012987012988,0.9237056277056276,1310,1001,0.43314582431847687,672976,3468,122964,3292,0.48698224852071004,0.026074008363958942,0.027468001520719806
86,119,KBFC_alpha_0_5_gamma_0_0_1_0_1_0_Hard.csv,0.33635607,0.34249195,2040,1000,0.32894736842105265,636075,40369,86025,40231,0.4991439205955335,0.3186462425548093,0.31973925991636043
113,126,KBFC_alpha_0_5_gamma_0_0_1_0_1_0_Medium.csv,0.43401545,0.4437822,1361,1000,0.4235493434985176,663251,13193,113090,13166,0.49948784096513527,0.10428019262450894,0.10449404384742111
125,127,KBFC_alpha_0_5_gamma_0_0_1_0_1_0_Easy.csv,0.37949792,0.40322435,1628,1000,0.380517503805175,674938,1506,125254,1002,0.39952153110047844,0.007936256494740845,0.011928145989101508
