Index,len,Filename,min,max,Neg,Pos,$\frac{\text{Pos}}{\text{Neg}+\text{Pos}}$,TN,FP,FN,TP,Prec,Rec,FP/P
22,62,BRFC_alpha_0_5_1_0_1_0_Hard.csv,0.49,0.4999999999999999,11839,1828,0.13375283529670007,484177,192267,31804,94452,0.32942358197398847,0.7480991002407806,1.5228345583576226
57,109,BRFC_alpha_0_5_1_0_1_0_Medium.csv,0.5933333333333333,0.5999761904761906,3923,1025,0.20715440582053354,549335,127109,62399,63857,0.33438936774085437,0.5057739830186289,1.006756114560892
100,126,BRFC_alpha_0_5_1_0_1_0_Easy.csv,0.7343610574447362,0.7400425685425688,2690,1000,0.27100271002710025,625856,50588,100952,25304,0.33342117746271016,0.20041819794702825,0.40067798758078826
46,119,KBFC_alpha_0_5_gamma_0_0_1_0_1_0_Hard.csv,0.1709748,0.1740747,4294,1000,0.18889308651303363,516371,160073,46025,80231,0.3338729276250083,0.63546286909137,1.2678446964896717
75,126,KBFC_alpha_0_5_gamma_0_0_1_0_1_0_Medium.csv,0.231493,0.23481798,3619,1000,0.21649707728945658,574383,102061,75088,51168,0.33393156647893024,0.4052718286655684,0.8083655430236979
111,127,KBFC_alpha_0_5_gamma_0_0_1_0_1_0_Easy.csv,0.28550005,0.28863263,2293,1000,0.30367446097783174,646259,30185,111239,15017,0.33221981328259814,0.11894088201748827,0.23907774680015206
