Index,len,Filename,p,Neg,Pos,$\frac{\text{Pos}}{\text{Neg}+\text{Pos}}$,TN,FP,FN,TP,Prec,FP/P
2690,3033,BRFC_alpha_0_5_0_1_0_0_Hard.csv,0.8398333333333334,0,1,1.0,669920,6524,109297,16959,0.7221820040028957,0.05167279178811304
34609,35965,BRFC_alpha_0_5_0_1_0_0_Medium.csv,0.88,649,904,0.5820991629104958,670406,6038,118347,7909,0.5670753567075356,0.04782346977569383
158778,164169,BRFC_alpha_0_5_0_1_0_0_Easy.csv,0.8955,4,1,0.2,670132,6312,120814,5442,0.46299132210311383,0.04999366366746927
762475,782430,KBFC_alpha_0_5_gamma_0_0_0_1_0_0_Hard.csv,0.61518264,1,0,0.0,670131,6313,112490,13766,0.6855919119478062,0.05000158408313268
717123,730821,KBFC_alpha_0_5_gamma_0_0_0_1_0_0_Medium.csv,0.51310074,1,0,0.0,670131,6313,118605,7651,0.5479089086221713,0.05000158408313268
172839,177657,KBFC_alpha_0_5_gamma_0_0_0_1_0_0_Easy.csv,0.35686007,10,0,0.0,670133,6311,122465,3791,0.3752722233221144,0.04998574325180585
