Index,len,Filename,min,max,Neg,Pos,$\frac{\text{Pos}}{\text{Neg}+\text{Pos}}$,TN,FP,FN,TP,Prec,Rec,FP/P
52,62,BRFC_alpha_0_5_0_1_0_0_Hard.csv,0.79,0.7999999999999998,1951,2284,0.5393152302243212,663925,12519,100508,25748,0.6728512817832597,0.20393486250158407,0.09915568369028006
103,105,BRFC_alpha_0_5_0_1_0_0_Medium.csv,0.93,0.9499999999999998,1030,1411,0.5780417861532159,675394,1050,124304,1952,0.6502331778814124,0.015460651374984159,0.008316436446584717
124,126,BRFC_alpha_0_5_0_1_0_0_Easy.csv,0.942857142857143,0.9637301587301588,1073,1000,0.482392667631452,675443,1001,124990,1266,0.5584472871636524,0.010027246229882145,0.00792833607907743
109,118,KBFC_alpha_0_5_gamma_0_0_0_1_0_0_Hard.csv,0.56603295,0.5823104,1000,1123,0.5289684408855393,668444,8000,110266,15990,0.6665277198832847,0.12664744645799011,0.06336332530731213
123,125,KBFC_alpha_0_5_gamma_0_0_0_1_0_0_Medium.csv,0.59874463,0.64035904,1000,1292,0.5636998254799301,675444,1000,124524,1732,0.6339677891654466,0.013718159929033075,0.007920415663414017
125,127,KBFC_alpha_0_5_gamma_0_0_0_1_0_0_Easy.csv,0.38143554,0.40458485,1661,1001,0.3760330578512397,674998,1446,125255,1001,0.40907233346955457,0.00792833607907743,0.011452921049296667
