Index,len,Filename,min,max,Neg,Pos,$\frac{\text{Pos}}{\text{Neg}+\text{Pos}}$,TN,FP,FN,TP,Prec,Rec,FP/P
359,360,BRFC_alpha_0_5_1_0_0_0_Hard,0.99,1.0,26,316.0,0.9239766081871345,676444,0,126256.0,0.0,,0.0,0.0
2856,2861,BRFC_alpha_0_5_1_0_0_0_Medium,0.98,0.98,129,252,0.6614173228346457,676275,169,125916,340,0.6679764243614931,0.0026929413255607653,0.0013385502471169688
11112,11114,BRFC_alpha_0_5_1_0_0_0_Easy,0.998,0.9992857142857144,19,13,0.40625,676334,110,126049,207,0.6529968454258676,0.0016395260423267013,0.0008712457229755417
10819,11595,KBFC_alpha_0_5_gamma_0_0_1_0_0_0_Hard,0.5660232,0.5661903,11,10,0.47619047619047616,668507,7937,110355,15901,0.667044215118718,0.12594252946394627,0.06286433912051705
12296,12313,KBFC_alpha_0_5_gamma_0_0_1_0_0_0_Medium,0.7292115,0.731179,10,10,0.5,676279,165,125925,331,0.6673387096774194,0.0026216575845900395,0.0013068685844633127
11213,11215,KBFC_alpha_0_5_gamma_0_0_1_0_0_0_Easy,0.48449406,0.49171734,24,10,0.29411764705882354,676433,11,126242,14,0.56,0.00011088581928779622,8.712457229755417e-05
