Index,len,Filename,min,max,Neg,Pos,$\frac{\text{Pos}}{\text{Neg}+\text{Pos}}$,TN,FP,FN,TP,Prec,Rec,FP/P
1074,1271,BRFC_alpha_0_5_0_0_0_0_Hard,0.826,0.82625,2,4,0.6666666666666666,668161,8283,106496,19760,0.7046321720215384,0.15650741350906094,0.0656048029400583
5613,12336,BRFC_alpha_0_5_0_0_0_0_Medium,0.535952380952381,0.5359523809523811,1,2,0.6666666666666666,493538,182906,49417,76839,0.29582475119829066,0.6085968191610696,1.448691547332404
60236,63574,BRFC_alpha_0_5_0_0_0_0_Easy,0.8810476190476192,0.8810502928444105,1,2,0.6666666666666666,668123,8321,119630,6626,0.4432996587944069,0.05248067418578127,0.06590577873526803
105796,105797,KBFC_alpha_0_5_gamma_0_0_0_0_0_0_Hard,0.9652473,0.9978977,1,10.0,0.9090909090909091,676444,0,126256.0,0.0,,0.0,0.0
112273,112274,KBFC_alpha_0_5_gamma_0_0_0_0_0_0_Medium,0.85429543,0.8737503,1,3.0,0.75,676444,0,126256.0,0.0,,0.0,0.0
65081,65082,KBFC_alpha_0_5_gamma_0_0_0_0_0_0_Easy,0.5078636,0.50817347,1,3.0,0.75,676444,0,126256.0,0.0,,0.0,0.0
