Index,len,Filename,min,max,Neg,Pos,$\frac{\text{Pos}}{\text{Neg}+\text{Pos}}$,TN,FP,FN,TP,Prec,Rec,FP/P
381,1271,BRFC_alpha_0_5_0_0_0_0_Hard,0.4985714285714285,0.4999999999999999,5,1,0.16666666666666666,484506,191938,31721,94535,0.3299961951039016,0.748756494740844,1.5202287416043594
6870,12336,BRFC_alpha_0_5_0_0_0_0_Medium,0.5965476190476191,0.5966507936507938,11,1,0.08333333333333333,547926,128518,62114,64142,0.3329284750337382,0.5080313014827018,1.0179159802306426
49369,63574,BRFC_alpha_0_5_0_0_0_0_Easy,0.7366228442358395,0.7366228442358395,14,5,0.2631578947368421,623919,52525,100032,26224,0.33300740326861294,0.20770498035736915,0.4160198327208212
105796,105797,KBFC_alpha_0_5_gamma_0_0_0_0_0_0_Hard,0.9652473,0.9978977,1,10.0,0.9090909090909091,676444,0,126256.0,0.0,,0.0,0.0
112273,112274,KBFC_alpha_0_5_gamma_0_0_0_0_0_0_Medium,0.85429543,0.8737503,1,3.0,0.75,676444,0,126256.0,0.0,,0.0,0.0
65081,65082,KBFC_alpha_0_5_gamma_0_0_0_0_0_0_Easy,0.5078636,0.50817347,1,3.0,0.75,676444,0,126256.0,0.0,,0.0,0.0
