Index,len,Filename,min,max,Neg,Pos,$\frac{\text{Pos}}{\text{Neg}+\text{Pos}}$,TN,FP,FN,TP,Prec,Rec,FP/P
690,1271,BRFC_alpha_0_5_0_0_0_0_Hard,0.6516666666666666,0.6516666666666666,2,6,0.75,618153,58291,67431,58825,0.5022797909764678,0.4659184514003295,0.4616889494360664
10762,12336,BRFC_alpha_0_5_0_0_0_0_Medium,0.8125,0.8125,56,33,0.3707865168539326,657431,19013,107239,19017,0.5000525900604785,0.15062254467114433,0.15059086300849067
62180,63574,BRFC_alpha_0_5_0_0_0_0_Easy,0.9262976190476192,0.9262976190476192,2,1,0.3333333333333333,673211,3233,123024,3232,0.499922660479505,0.0255987834241541,0.025606703839817512
105796,105797,KBFC_alpha_0_5_gamma_0_0_0_0_0_0_Hard,0.9652473,0.9978977,1,10.0,0.9090909090909091,676444,0,126256.0,0.0,,0.0,0.0
112273,112274,KBFC_alpha_0_5_gamma_0_0_0_0_0_0_Medium,0.85429543,0.8737503,1,3.0,0.75,676444,0,126256.0,0.0,,0.0,0.0
65081,65082,KBFC_alpha_0_5_gamma_0_0_0_0_0_0_Easy,0.5078636,0.50817347,1,3.0,0.75,676444,0,126256.0,0.0,,0.0,0.0
