Index,len,Filename,min,max,Neg,Pos,$\frac{\text{Pos}}{\text{Neg}+\text{Pos}}$,TN,FP,FN,TP,Prec,Rec,FP/P
50,63,BRFC_alpha_0_5_1_1_1_0_Hard,0.76,0.7691666666666667,2356,2341,0.4984032361081541,657285,19159,93363,32893,0.6319257665411512,0.2605262324166772,0.15174724369534914
102,108,BRFC_alpha_0_5_1_1_1_0_Medium,0.88,0.8899999999999999,1234,1312,0.5153181461115475,670760,5684,118700,7556,0.5706948640483384,0.059846660752756305,0.045019642630845264
124,126,BRFC_alpha_0_5_1_1_1_0_Easy,0.9410833333333334,0.962452380952381,1138,1000,0.4677268475210477,675444,1000,124964,1292,0.5636998254799301,0.010233177037130909,0.007920415663414017
107,119,KBFC_alpha_0_5_gamma_0_0_1_1_1_0_Hard,0.5236196,0.53588647,1006,1000,0.4985044865403789,665444,11000,107113,19143,0.6350728195600969,0.1516205170447345,0.08712457229755417
121,126,KBFC_alpha_0_5_gamma_0_0_1_1_1_0_Medium,0.51913464,0.5366167,1000,1008,0.50199203187251,672444,4000,121064,5192,0.5648389904264578,0.041122798124445574,0.031681662653656066
126,127,KBFC_alpha_0_5_gamma_0_0_1_1_1_0_Easy,0.40323353,0.52140087,1506,1002,0.39952153110047844,676444,0,126256,0,,0.0,0.0
