Index,len,Filename,min,max,Neg,Pos,$\frac{\text{Pos}}{\text{Neg}+\text{Pos}}$,TN,FP,FN,TP,Prec,Rec,FP/P
73,121,BRFC_alpha_0_5_1_0_0_1_Hard,0.66,0.6646666666666667,5034,2508,0.3325377883850438,621180,55264,70527,55729,0.5020947266944762,0.4413968445063997,0.4377138512229122
553,632,BRFC_alpha_0_5_1_0_0_1_Medium,0.8133333333333335,0.8149999999999998,207,111,0.3490566037735849,656234,20210,106049,20207,0.4999628869040255,0.160047839310607,0.16007160055759725
1217,1243,BRFC_alpha_0_5_1_0_0_1_Easy,0.9298044733044732,0.9314612936083524,135,100,0.425531914893617,673629,2815,123440,2816,0.5000887941751021,0.022303890508173867,0.022295970092510456
860,1177,KBFC_alpha_0_5_gamma_0_0_1_0_0_1_Hard,0.3452034,0.34574366,141,100,0.4149377593360996,636298,40146,86090,40166,0.500124514393864,0.3181314155366874,0.3179730072234191
1121,1248,KBFC_alpha_0_5_gamma_0_0_1_0_0_1_Medium,0.43446746,0.4356039,165,100,0.37735849056603776,662419,14025,112218,14038,0.5002316217082992,0.11118679508300595,0.11108382967938157
1245,1248,KBFC_alpha_0_5_gamma_0_0_1_0_0_1_Easy,0.44002092,0.45119697,145,100,0.40816326530612246,676167,277,126055,201,0.4205020920502092,0.0015920035483462172,0.0021939551387656826
