Index,len,Filename,p,Neg,Pos,$\frac{\text{Pos}}{\text{Neg}+\text{Pos}}$,TN,FP,FN,TP,Prec,FP/P
3141,3535,BRFC_alpha_0_5_0_0_1_1_Hard.csv,0.84,1096,1878,0.6314727639542703,670563,5881,111465,14791,0.7155089009287926,0.04657996451653783
43727,45174,BRFC_alpha_0_5_0_0_1_1_Medium.csv,0.8882525252525252,1,0,0.0,670131,6313,117759,8497,0.5737339635381499,0.05000158408313268
158806,164214,BRFC_alpha_0_5_0_0_1_1_Easy.csv,0.8953671802054154,2,1,0.3333333333333333,670131,6313,120822,5434,0.46258619221929004,0.05000158408313268
