Index,len,Filename,p,Neg,Pos,$\frac{\text{Pos}}{\text{Neg}+\text{Pos}}$,TN,FP,FN,TP,Prec,FP/P
3141,3535,BRFC_alpha_0_5_0_0_1_1_Hard.csv,0.84,1096,1878,0.6314727639542703,670563,5881,111465,14791,0.7155089009287926,0.04657996451653783
43727,45174,BRFC_alpha_0_5_0_0_1_1_Medium.csv,0.8882525252525252,1,0,0.0,670131,6313,117759,8497,0.5737339635381499,0.05000158408313268
158806,164214,BRFC_alpha_0_5_0_0_1_1_Easy.csv,0.8953671802054154,2,1,0.3333333333333333,670131,6313,120822,5434,0.46258619221929004,0.05000158408313268
761347,781250,KBFC_alpha_0_5_gamma_0_0_0_0_1_1_Hard.csv,0.61384594,1,0,0.0,670131,6313,112535,13721,0.6848856943196566,0.05000158408313268
710573,724135,KBFC_alpha_0_5_gamma_0_0_0_0_1_1_Medium.csv,0.52379787,1,0,0.0,670131,6313,118674,7582,0.5456639078805325,0.05000158408313268
172897,177708,KBFC_alpha_0_5_gamma_0_0_0_0_1_1_Easy.csv,0.3570078,2,1,0.3333333333333333,670131,6313,122429,3827,0.3774161735700197,0.05000158408313268
