Index,len,Filename,min,max,Neg,Pos,$\frac{\text{Pos}}{\text{Neg}+\text{Pos}}$,TN,FP,FN,TP,Prec,Rec,FP/P
60,63,BRFC_alpha_0_5_0_0_1_1_Hard.csv,0.87,0.8899999999999999,1416,3023,0.6810092363144853,674072,2372,118120,8136,0.7742672249714503,0.06444050183753644,0.018787225953618047
112,113,BRFC_alpha_0_5_0_0_1_1_Medium.csv,0.955,1.0,1016,1929,0.6550084889643464,676444,0,126256,0,,0.0,0.0
125,126,BRFC_alpha_0_5_0_0_1_1_Easy.csv,0.9638333333333337,1.0,1000,1279,0.5612110574813515,676444,0,126256,0,,0.0,0.0
