Index,len,Filename,min,max,Neg,Pos,$\frac{\text{Pos}}{\text{Neg}+\text{Pos}}$,TN,FP,FN,TP,Prec,Rec,FP/P
60,63,BRFC_alpha_0_5_0_0_1_1_Hard.csv,0.87,0.8899999999999999,1416,3023,0.6810092363144853,674072,2372,118120,8136,0.7742672249714503,0.06444050183753644,0.018787225953618047
112,113,BRFC_alpha_0_5_0_0_1_1_Medium.csv,0.955,1.0,1016,1929,0.6550084889643464,676444,0,126256,0,,0.0,0.0
125,126,BRFC_alpha_0_5_0_0_1_1_Easy.csv,0.9638333333333337,1.0,1000,1279,0.5612110574813515,676444,0,126256,0,,0.0,0.0
115,119,KBFC_alpha_0_5_gamma_0_0_0_0_1_1_Hard.csv,0.6746163,0.70785207,1000,1886,0.6534996534996536,673444,3000,118153,8103,0.7298027560118887,0.06417912812064377,0.023761246990242048
124,125,KBFC_alpha_0_5_gamma_0_0_0_0_1_1_Medium.csv,0.6483152,0.88974327,1000,1704,0.6301775147928994,676444,0,126256,0,,0.0,0.0
126,127,KBFC_alpha_0_5_gamma_0_0_0_0_1_1_Easy.csv,0.4069035,0.5063206,1412,1000,0.41459369817578773,676444,0,126256,0,,0.0,0.0
