Index,len,Filename,min,max,Neg,Pos,$\frac{\text{Pos}}{\text{Neg}+\text{Pos}}$,TN,FP,FN,TP,Prec,Rec,FP/P
39,63,BRFC_alpha_0_5_0_0_1_1_Hard.csv,0.66,0.6698333333333334,5278,2457,0.3176470588235294,620410,56034,69831,56425,0.5017384113321299,0.44690945380813585,0.44381257128374096
99,113,BRFC_alpha_0_5_0_0_1_1_Medium.csv,0.81,0.8199999999999998,2738,1921,0.41232024039493453,656704,19740,106526,19730,0.4998733215100076,0.15626980103915852,0.15634900519579267
122,126,BRFC_alpha_0_5_0_0_1_1_Easy.csv,0.910347805788982,0.9250436507936508,1290,1000,0.4366812227074236,673170,3274,122977,3279,0.5003815046543568,0.025971042960334558,0.025931440882017487
87,119,KBFC_alpha_0_5_gamma_0_0_0_0_1_1_Hard.csv,0.36274427,0.36899108,1909,1000,0.3437607425232039,637230,39214,87022,39234,0.5001274729757291,0.3107495881383855,0.31059117982511725
111,125,KBFC_alpha_0_5_gamma_0_0_0_0_1_1_Medium.csv,0.4367798,0.44660616,1436,1000,0.41050903119868637,662001,14443,111970,14286,0.49726756935500716,0.11315105816753263,0.11439456342668863
125,127,KBFC_alpha_0_5_gamma_0_0_0_0_1_1_Easy.csv,0.3821631,0.40682432,1623,1002,0.38171428571428573,675032,1412,125256,1000,0.41459369817578773,0.007920415663414017,0.01118362691674059
