Index,len,Filename,min,max,Neg,Pos,$\frac{\text{Pos}}{\text{Neg}+\text{Pos}}$,TN,FP,FN,TP,Prec,Rec,FP/P
52,62,BRFC_alpha_0_5_1_1_0_0_Hard.csv,0.79,0.7991666666666667,1830,2311,0.5580777589954118,663787,12657,100746,25510,0.6683784421096759,0.20204980357369154,0.1002487010518312
106,108,BRFC_alpha_0_5_1_1_0_0_Medium.csv,0.9280833333333331,0.9499999999999998,1000,1420,0.5867768595041323,675379,1065,124226,2030,0.6558966074313409,0.016078443796730454,0.008435242681535927
124,126,BRFC_alpha_0_5_1_1_0_0_Easy.csv,0.9416497113997114,0.9628246753246752,1154,1000,0.46425255338904364,675443,1001,124973,1283,0.5617338003502627,0.010161893296160183,0.00792833607907743
110,119,KBFC_alpha_0_5_gamma_0_0_1_1_0_0_Hard.csv,0.5804493,0.596363,1000,1187,0.5427526291723822,668444,8000,110497,15759,0.6632854918136285,0.12481783043974148,0.06336332530731213
123,125,KBFC_alpha_0_5_gamma_0_0_1_1_0_0_Medium.csv,0.5919531,0.633052,1000,1253,0.5561473590767865,675444,1000,124488,1768,0.638728323699422,0.01400329489291598,0.007920415663414017
125,127,KBFC_alpha_0_5_gamma_0_0_1_1_0_0_Easy.csv,0.3797488,0.40319955,1582,1005,0.38848086586780056,674944,1500,125256,1000,0.4,0.007920415663414017,0.011880623495121024
