Index,len,Filename,p,Neg,Pos,$\frac{\text{Pos}}{\text{Neg}+\text{Pos}}$,TN,FP,FN,TP,Prec,FP/P
2616,3151,BRFC_alpha_0_5_1_0_1_0_Hard,0.7995714285714284,1,0,0.0,663228,13216,99848,26408,0.6664647688269736,0.10467621340767963
37081,39668,BRFC_alpha_0_5_1_0_1_0_Medium,0.8440000000000001,22,15,0.40540540540540543,663826,12618,112530,13726,0.5210294564227148,0.09993980484095806
154770,164589,BRFC_alpha_0_5_1_0_1_0_Easy,0.8549285714285714,1,0,0.0,663818,12626,117057,9199,0.4214891179839633,0.10000316816626537
748153,781349,KBFC_alpha_0_5_gamma_0_0_1_0_1_0_Hard,0.4984694,0,1,1.0,663818,12626,105396,20860,0.6229469031834199,0.10000316816626537
704208,728970,KBFC_alpha_0_5_gamma_0_0_1_0_1_0_Medium,0.44808984,0,1,1.0,663818,12626,113528,12728,0.502011516920407,0.10000316816626537
168540,177453,KBFC_alpha_0_5_gamma_0_0_1_0_1_0_Easy,0.32594824,2,0,0.0,663818,12626,119132,7124,0.36070886075949365,0.10000316816626537
