Index,len,Filename,min,max,Neg,Pos,$\frac{\text{Pos}}{\text{Neg}+\text{Pos}}$,TN,FP,FN,TP,Prec,Rec,FP/P
40,63,BRFC_alpha_0_5_0_1_0_1_Hard.csv,0.66,0.6691666666666667,5216,2416,0.3165618448637317,621163,55281,70370,55886,0.5027211312709707,0.4426403497655557,0.4378484982891902
97,112,BRFC_alpha_0_5_0_1_0_1_Medium.csv,0.8,0.8099999999999998,2841,1933,0.4049015500628404,654570,21874,104726,21530,0.4960372315915584,0.17052654923330376,0.17325117222151817
122,126,BRFC_alpha_0_5_0_1_0_1_Easy.csv,0.9106785714285712,0.9263488455988456,1317,1000,0.43159257660768235,673225,3219,122990,3266,0.5036237471087124,0.025868077556710178,0.025495818020529717
85,118,KBFC_alpha_0_5_gamma_0_0_0_1_0_1_Hard.csv,0.3527445,0.35882974,1879,1000,0.3473428273706148,636424,40020,85945,40311,0.5018112559285954,0.3192798758078824,0.3169750348498289
111,125,KBFC_alpha_0_5_gamma_0_0_0_1_0_1_Medium.csv,0.42192996,0.4308277,1318,1000,0.4314063848144953,661987,14457,111916,14340,0.49796853838941557,0.11357876061335699,0.11450544924597643
125,127,KBFC_alpha_0_5_gamma_0_0_0_1_0_1_Easy.csv,0.38143554,0.40458485,1661,1001,0.3760330578512397,674998,1446,125255,1001,0.40907233346955457,0.00792833607907743,0.011452921049296667
