Index,len,Filename,min,max,Neg,Pos,$\frac{\text{Pos}}{\text{Neg}+\text{Pos}}$,TN,FP,FN,TP,Prec,Rec,FP/P
963,1235,BRFC_alpha_0_5_0_1_0_0_Hard,0.79,0.79,1865,2178,0.5387088795448924,663839,12605,100402,25854,0.6722483683923139,0.20477442656190598,0.09983683943733367
12351,12401,BRFC_alpha_0_5_0_1_0_0_Medium,0.9668282828282828,0.967,1,5,0.8333333333333334,675976,468,125317,939,0.6673773987206824,0.007437270307945761,0.0037067545304777594
63556,63564,BRFC_alpha_0_5_0_1_0_0_Easy,0.9966666666666668,0.9971428571428572,6,1,0.14285714285714285,676309,135,126023,233,0.6331521739130435,0.0018454568495754656,0.0010692561145608922
105746,105747,KBFC_alpha_0_5_gamma_0_0_0_1_0_0_Hard,0.9721014,0.9771113,1,1.0,0.5,676444,0,126256.0,0.0,,0.0,0.0
112022,112023,KBFC_alpha_0_5_gamma_0_0_0_1_0_0_Medium,0.8650836,0.9025089,1,5.0,0.8333333333333334,676444,0,126256.0,0.0,,0.0,0.0
64988,64989,KBFC_alpha_0_5_gamma_0_0_0_1_0_0_Easy,0.50974643,0.50995547,1,3.0,0.75,676444,0,126256.0,0.0,,0.0,0.0
