Index,len,Filename,min,max,Neg,Pos,$\frac{\text{Pos}}{\text{Neg}+\text{Pos}}$,TN,FP,FN,TP,Prec,Rec,FP/P
362,1235,BRFC_alpha_0_5_0_1_0_0_Hard,0.4983333333333333,0.4993333333333333,22,3,0.12,483963,192481,31758,94498,0.3292854180967945,0.7484634393612977,1.5245295273095931
6910,12401,BRFC_alpha_0_5_0_1_0_0_Medium,0.596,0.596,84,27,0.24324324324324326,547946,128498,62101,64155,0.3330080507440839,0.5081342668863262,1.0177575719173741
49299,63564,BRFC_alpha_0_5_0_1_0_0_Easy,0.7363533966033964,0.7363533966033964,3,1,0.25,623769,52675,99958,26298,0.332999886037,0.2082910911164618,0.4172078950703333
105746,105747,KBFC_alpha_0_5_gamma_0_0_0_1_0_0_Hard,0.9721014,0.9771113,1,1.0,0.5,676444,0,126256.0,0.0,,0.0,0.0
112022,112023,KBFC_alpha_0_5_gamma_0_0_0_1_0_0_Medium,0.8650836,0.9025089,1,5.0,0.8333333333333334,676444,0,126256.0,0.0,,0.0,0.0
64988,64989,KBFC_alpha_0_5_gamma_0_0_0_1_0_0_Easy,0.50974643,0.50995547,1,3.0,0.75,676444,0,126256.0,0.0,,0.0,0.0
