Index,len,Filename,p,Neg,Pos,$\frac{\text{Pos}}{\text{Neg}+\text{Pos}}$,TN,FP,FN,TP,Prec,FP/P
3158,3543,BRFC_alpha_0_5_0_1_1_1_Hard.csv,0.84,1106,1780,0.6167706167706167,670562,5882,111442,14814,0.715790490916119,0.04658788493220124
43357,44839,BRFC_alpha_0_5_0_1_1_1_Medium.csv,0.8891666666666667,5,4,0.4444444444444444,670132,6312,117696,8560,0.5755782678859602,0.04999366366746927
158806,164214,BRFC_alpha_0_5_0_1_1_1_Easy.csv,0.8953671802054154,2,1,0.3333333333333333,670131,6313,120822,5434,0.46258619221929004,0.05000158408313268
