Index,len,Filename,min,max,Neg,Pos,$\frac{\text{Pos}}{\text{Neg}+\text{Pos}}$,TN,FP,FN,TP,Prec,Rec,FP/P
59,63,BRFC_alpha_0_5_0_1_1_1_Hard.csv,0.8525,0.8699999999999999,1001,1861,0.6502445842068484,672627,3817,115107,11149,0.7449552318588801,0.08830471423140286,0.0302322265872513
112,113,BRFC_alpha_0_5_0_1_1_1_Medium.csv,0.955,1.0,1009,1923,0.6558663028649386,676444,0,126256,0,,0.0,0.0
125,126,BRFC_alpha_0_5_0_1_1_1_Easy.csv,0.9638333333333337,1.0,1000,1279,0.5612110574813515,676444,0,126256,0,,0.0,0.0
