Index,len,Filename,min,max,Neg,Pos,$\frac{\text{Pos}}{\text{Neg}+\text{Pos}}$,TN,FP,FN,TP,Prec,Rec,FP/P
39,63,BRFC_alpha_0_5_0_1_1_1_Hard.csv,0.66,0.6693333333333333,5307,2480,0.3184795171439579,620441,56003,69897,56359,0.5015841654651929,0.4463867063743505,0.44356703839817513
99,113,BRFC_alpha_0_5_0_1_1_1_Medium.csv,0.81,0.8199999999999998,2791,1926,0.40831036675853294,656737,19707,106415,19841,0.501694143825225,0.1571489671777975,0.1560876314789
122,126,BRFC_alpha_0_5_0_1_1_1_Easy.csv,0.910347805788982,0.9250436507936508,1290,1000,0.4366812227074236,673170,3274,122977,3279,0.5003815046543568,0.025971042960334558,0.025931440882017487
