Index,len,Filename,min,max,Neg,Pos,$\frac{\text{Pos}}{\text{Neg}+\text{Pos}}$,TN,FP,FN,TP,Prec,Rec,FP/P
53,63,BRFC_alpha_0_5_0_1_1_1_Hard.csv,0.8,0.8099999999999998,1873,2185,0.5384425825529817,665025,11419,103340,22916,0.6674239114606088,0.18150424534279558,0.09044322646052465
111,113,BRFC_alpha_0_5_0_1_1_1_Medium.csv,0.935,0.9549134199134198,1000,1476,0.5961227786752827,675435,1009,124333,1923,0.6558663028649386,0.015230959320745153,0.007991699404384742
124,126,BRFC_alpha_0_5_0_1_1_1_Easy.csv,0.942899445583656,0.9638333333333334,1069,1000,0.4833252779120348,675444,1000,124977,1279,0.5612110574813515,0.010130211633506527,0.007920415663414017
