Index,len,Filename,min,max,Neg,Pos,$\frac{\text{Pos}}{\text{Neg}+\text{Pos}}$,TN,FP,FN,TP,Prec,Rec,FP/P
53,63,BRFC_alpha_0_5_0_1_1_1_Hard.csv,0.8,0.8099999999999998,1873,2185,0.5384425825529817,665025,11419,103340,22916,0.6674239114606088,0.18150424534279558,0.09044322646052465
111,113,BRFC_alpha_0_5_0_1_1_1_Medium.csv,0.935,0.9549134199134198,1000,1476,0.5961227786752827,675435,1009,124333,1923,0.6558663028649386,0.015230959320745153,0.007991699404384742
124,126,BRFC_alpha_0_5_0_1_1_1_Easy.csv,0.942899445583656,0.9638333333333334,1069,1000,0.4833252779120348,675444,1000,124977,1279,0.5612110574813515,0.010130211633506527,0.007920415663414017
110,119,KBFC_alpha_0_5_gamma_0_0_0_1_1_1_Hard.csv,0.5620074,0.5772203,1000,1149,0.5346672871102839,668444,8000,110373,15883,0.6650337059833354,0.12579996198200483,0.06336332530731213
123,125,KBFC_alpha_0_5_gamma_0_0_0_1_1_1_Medium.csv,0.5942107,0.63423383,1000,1224,0.5503597122302158,675444,1000,124502,1754,0.6368917937545389,0.013892409073628185,0.007920415663414017
125,127,KBFC_alpha_0_5_gamma_0_0_0_1_1_1_Easy.csv,0.3821631,0.40682432,1623,1002,0.38171428571428573,675032,1412,125256,1000,0.41459369817578773,0.007920415663414017,0.01118362691674059
