Index,len,Filename,min,max,Neg,Pos,$\frac{\text{Pos}}{\text{Neg}+\text{Pos}}$,TN,FP,FN,TP,Prec,Rec,FP/P
23,63,BRFC_alpha_0_5_0_0_1_1_Hard,0.5,0.5098333333333334,11406,1860,0.14020805065581185,490085,186359,33564,92692,0.3321686716765036,0.734159168673172,1.4760407426181725
57,113,BRFC_alpha_0_5_0_0_1_1_Medium,0.5933333333333333,0.5999761904761906,4044,1010,0.1998417095370004,547686,128758,61565,64691,0.33440855212484943,0.5123796096819161,1.019816879989862
99,126,BRFC_alpha_0_5_0_0_1_1_Easy,0.7309211233211234,0.7363878066378068,2594,1001,0.278442280945758,623837,52607,99964,26292,0.33323616268900746,0.2082435686224813,0.41666930680522113
47,119,KBFC_alpha_0_5_gamma_0_0_0_0_1_1_Hard,0.18714648,0.19057879,4385,1000,0.18570102135561745,518883,157561,47021,79235,0.33461291575871216,0.6275741350906096,1.2479486123431758
73,125,KBFC_alpha_0_5_gamma_0_0_0_0_1_1_Medium,0.2316559,0.23466834,3476,1000,0.22341376228775692,571303,105141,73970,52286,0.332128542117934,0.41412685337726524,0.832760423267013
111,127,KBFC_alpha_0_5_gamma_0_0_0_0_1_1_Easy,0.28860217,0.2923748,2397,1000,0.2943773918163085,646362,30082,111242,15014,0.33293418485009757,0.11891712077049804,0.23826194398682043
