Index,len,Filename,min,max,Neg,Pos,$\frac{\text{Pos}}{\text{Neg}+\text{Pos}}$,TN,FP,FN,TP,Prec,Rec,FP/P
53,63,BRFC_alpha_0_5_0_0_1_1_Hard,0.8,0.8099999999999998,1784,2214,0.5537768884442221,664956,11488,103332,22924,0.6661629664070673,0.1815676086681029,0.09098973514130021
111,113,BRFC_alpha_0_5_0_0_1_1_Medium,0.9333333333333336,0.9549920634920634,1014,1465,0.590964098426785,675428,1016,124327,1929,0.6550084889643464,0.015278481814725638,0.00804714231402864
124,126,BRFC_alpha_0_5_0_0_1_1_Easy,0.942899445583656,0.9638333333333334,1069,1000,0.4833252779120348,675444,1000,124977,1279,0.5612110574813515,0.010130211633506527,0.007920415663414017
110,119,KBFC_alpha_0_5_gamma_0_0_0_0_1_1_Hard,0.5657708,0.58122194,1000,1144,0.5335820895522388,668444,8000,110363,15893,0.6651739003055288,0.12587916613863895,0.06336332530731213
123,125,KBFC_alpha_0_5_gamma_0_0_0_0_1_1_Medium,0.60679257,0.6482868,1000,1321,0.5691512279190004,675444,1000,124552,1704,0.6301775147928994,0.013496388290457483,0.007920415663414017
125,127,KBFC_alpha_0_5_gamma_0_0_0_0_1_1_Easy,0.3821631,0.40682432,1623,1002,0.38171428571428573,675032,1412,125256,1000,0.41459369817578773,0.007920415663414017,0.01118362691674059
