Index,len,Filename,p,Neg,Pos,$\frac{\text{Pos}}{\text{Neg}+\text{Pos}}$,TN,FP,FN,TP,Prec,FP/P
2482,3033,BRFC_alpha_0_5_0_1_0_0_Hard.csv,0.79,1865,2178,0.5387088795448924,663839,12605,100402,25854,0.6722483683923139,0.09983683943733367
33490,35965,BRFC_alpha_0_5_0_1_0_0_Medium.csv,0.84,980,987,0.501779359430605,663945,12499,112348,13908,0.5266785322073693,0.09899727537701179
154383,164169,BRFC_alpha_0_5_0_1_0_0_Easy.csv,0.8552651604931012,5,3,0.375,663820,12624,117189,9067,0.4180074685353372,0.09998732733493854
