Index,len,Filename,p,Neg,Pos,$\frac{\text{Pos}}{\text{Neg}+\text{Pos}}$,TN,FP,FN,TP,Prec,FP/P
2690,3033,BRFC_alpha_0_5_0_1_0_0_Hard.csv,0.8398333333333334,0,1,1.0,669920,6524,109297,16959,0.7221820040028957,0.05167279178811304
34609,35965,BRFC_alpha_0_5_0_1_0_0_Medium.csv,0.88,649,904,0.5820991629104958,670406,6038,118347,7909,0.5670753567075356,0.04782346977569383
158778,164169,BRFC_alpha_0_5_0_1_0_0_Easy.csv,0.8955,4,1,0.2,670132,6312,120814,5442,0.46299132210311383,0.04999366366746927
