Index,len,Filename,min,max,Neg,Pos,$\frac{\text{Pos}}{\text{Neg}+\text{Pos}}$,TN,FP,FN,TP,Prec,Rec,FP/P
58,62,BRFC_alpha_0_5_0_1_0_0_Hard.csv,0.8433333333333333,0.8590000000000001,1003,1976,0.6633098355152736,671996,4448,113167,13089,0.7463648286480014,0.10367032061842606,0.03523000887086554
104,105,BRFC_alpha_0_5_0_1_0_0_Medium.csv,0.95,1.0,1050,1952,0.6502331778814124,676444,0,126256,0,,0.0,0.0
125,126,BRFC_alpha_0_5_0_1_0_0_Easy.csv,0.9637619047619048,1.0,1001,1266,0.5584472871636524,676444,0,126256,0,,0.0,0.0
