Index,len,Filename,min,max,Neg,Pos,$\frac{\text{Pos}}{\text{Neg}+\text{Pos}}$,TN,FP,FN,TP,Prec,Rec,FP/P
38,62,BRFC_alpha_0_5_0_1_0_0_Hard.csv,0.65,0.6599999999999998,5268,2420,0.31477627471383973,618591,57853,67457,58799,0.5040547954600006,0.4657125205930807,0.45821980737549106
92,105,BRFC_alpha_0_5_0_1_0_0_Medium.csv,0.81,0.8199999999999998,2649,1834,0.4091010484050859,658435,18009,107871,18385,0.5051656866516459,0.1456168419718667,0.142638765682423
122,126,BRFC_alpha_0_5_0_1_0_0_Easy.csv,0.9106785714285712,0.9263488455988456,1317,1000,0.43159257660768235,673225,3219,122990,3266,0.5036237471087124,0.025868077556710178,0.025495818020529717
