Index,len,Filename,min,max,Neg,Pos,$\frac{\text{Pos}}{\text{Neg}+\text{Pos}}$,TN,FP,FN,TP,Prec,Rec,FP/P
52,62,BRFC_alpha_0_5_0_1_0_0_Hard.csv,0.79,0.7999999999999998,1951,2284,0.5393152302243212,663925,12519,100508,25748,0.6728512817832597,0.20393486250158407,0.09915568369028006
103,105,BRFC_alpha_0_5_0_1_0_0_Medium.csv,0.93,0.9499999999999998,1030,1411,0.5780417861532159,675394,1050,124304,1952,0.6502331778814124,0.015460651374984159,0.008316436446584717
124,126,BRFC_alpha_0_5_0_1_0_0_Easy.csv,0.942857142857143,0.9637301587301588,1073,1000,0.482392667631452,675443,1001,124990,1266,0.5584472871636524,0.010027246229882145,0.00792833607907743
