Index,len,Filename,min,max,Neg,Pos,$\frac{\text{Pos}}{\text{Neg}+\text{Pos}}$,TN,FP,FN,TP,Prec,Rec,FP/P
338,432,BRFC_alpha_0_5_1_1_1_1_Hard,0.7681666666666667,0.7698333333333334,10,10,0.5,656867,19577,94542,31714,0.6183151040143495,0.2511880623495121,0.1550579774426562
3115,3342,BRFC_alpha_0_5_1_1_1_1_Medium,0.8675,0.8675793650793651,48,48,0.5,667304,9140,114938,11318,0.553231009873888,0.08964326447851984,0.0723925991636041
9822,11099,BRFC_alpha_0_5_1_1_1_1_Easy,0.8090054331633282,0.8090579281829281,10,10,0.5,652662,23782,111797,14459,0.3781020370806203,0.11452129007730326,0.18836332530731212
10211,11611,KBFC_alpha_0_5_gamma_0_0_1_1_1_1_Hard,0.5056653,0.5057761,10,10,0.5,661269,15175,103096,23160,0.6041476457545324,0.1834368267646686,0.1201923076923077
9854,12318,KBFC_alpha_0_5_gamma_0_0_1_1_1_1_Medium,0.33398655,0.33401942,10,10,0.5,639709,36735,98881,27375,0.4270004679457183,0.2168213787859587,0.2909564693955139
9763,11219,KBFC_alpha_0_5_gamma_0_0_1_1_1_1_Easy,0.28565753,0.2856795,11,11,0.5,644142,32302,110346,15910,0.3300008296689621,0.126013813204917,0.25584526675959957
