Index,len,Filename,min,max,Neg,Pos,$\frac{\text{Pos}}{\text{Neg}+\text{Pos}}$,TN,FP,FN,TP,Prec,Rec,FP/P
24,63,BRFC_alpha_0_5_0_1_0_1_Hard,0.5,0.5095000000000001,11415,1934,0.14487976627462731,490490,185954,33663,92593,0.33241427838030924,0.7333750475224939,1.47283297427449
56,112,BRFC_alpha_0_5_0_1_0_1_Medium,0.59,0.5933333333333333,4017,1076,0.21127037109758492,544132,132312,60645,65611,0.3314976026030325,0.519666392092257,1.0479660372576354
99,126,BRFC_alpha_0_5_0_1_0_1_Easy,0.730739943535996,0.7364466089466086,2732,1000,0.2679528403001072,623818,52626,99975,26281,0.33306297286679254,0.20815644405018374,0.416819794702826
44,118,KBFC_alpha_0_5_gamma_0_0_0_1_0_1_Hard,0.1717403,0.17544357,4956,1000,0.16789791806581597,513172,163272,44945,81311,0.3324474718193824,0.6440169180078571,1.2931821061969333
72,125,KBFC_alpha_0_5_gamma_0_0_0_1_0_1_Medium,0.21789286,0.22086738,3424,1000,0.22603978300180833,569492,106952,72914,53342,0.3327760240557975,0.4224908123178304,0.8471042960334558
111,127,KBFC_alpha_0_5_gamma_0_0_0_1_0_1_Easy,0.28887835,0.29249173,2308,1002,0.3027190332326284,646239,30205,111247,15009,0.33195470429512985,0.11887751869218097,0.23923615511342036
