Index,len,Filename,min,max,Neg,Pos,$\frac{\text{Pos}}{\text{Neg}+\text{Pos}}$,TN,FP,FN,TP,Prec,Rec,FP/P
1373,1374,BRFC_alpha_0_5_0_1_0_1_Hard,1.0,1.0,13,129.0,0.9084507042253521,676444,0,126256.0,0.0,,0.0,0.0
10471,13832,BRFC_alpha_0_5_0_1_0_1_Medium,0.7246190476190476,0.7246468253968255,1,2,0.6666666666666666,624242,52202,87763,38493,0.42442251502287887,0.3048805601317957,0.41346153846153844
59083,63564,BRFC_alpha_0_5_0_1_0_1_Easy,0.8597734487734487,0.8597734487734487,1,2,0.6666666666666666,664695,11749,117636,8620,0.4231921056507438,0.06827398301862882,0.09305696362945128
105694,105695,KBFC_alpha_0_5_gamma_0_0_0_1_0_1_Hard,0.95225865,0.97844476,1,8.0,0.8888888888888888,676444,0,126256.0,0.0,,0.0,0.0
111789,111790,KBFC_alpha_0_5_gamma_0_0_0_1_0_1_Medium,0.88054,0.8955631,1,3.0,0.75,676444,0,126256.0,0.0,,0.0,0.0
64988,64989,KBFC_alpha_0_5_gamma_0_0_0_1_0_1_Easy,0.50974643,0.50995547,1,3.0,0.75,676444,0,126256.0,0.0,,0.0,0.0
