Index,len,Filename,min,max,Neg,Pos,$\frac{\text{Pos}}{\text{Neg}+\text{Pos}}$,TN,FP,FN,TP,Prec,Rec,FP/P
112,362,BRFC_alpha_0_5_0_0_0_0_Hard,0.4966666666666667,0.4999999999999999,114,15,0.11627906976744186,484506,191938,31721,94535,0.3299961951039016,0.748756494740844,1.5202287416043594
1619,2909,BRFC_alpha_0_5_0_0_0_0_Medium,0.5965,0.5966666666666666,41,12,0.22641509433962265,547928,128516,62118,64138,0.33291808111952,0.5079996198200482,1.0179001393993157
8783,11147,BRFC_alpha_0_5_0_0_0_0_Easy,0.7365606060606059,0.7366228442358395,31,10,0.24390243902439024,623919,52525,100032,26224,0.33300740326861294,0.20770498035736915,0.4160198327208212
4514,11589,KBFC_alpha_0_5_gamma_0_0_0_0_0_0_Hard,0.1836921,0.18371981,42,10,0.19230769230769232,514024,162420,45172,81084,0.33298836980090674,0.642218983652262,1.2864339120517045
7285,12328,KBFC_alpha_0_5_gamma_0_0_0_0_0_0_Medium,0.22780372,0.22784756,44,10,0.18518518518518517,569781,106663,73007,53249,0.33298939416679174,0.4217542136611329,0.8448152959067292
9832,11185,KBFC_alpha_0_5_gamma_0_0_0_0_0_0_Easy,0.29302233,0.29307988,23,10,0.30303030303030304,646701,29743,111408,14848,0.33298199188176986,0.11760233177037131,0.23557692307692307
