Index,len,Filename,p,Neg,Pos,$\frac{\text{Pos}}{\text{Neg}+\text{Pos}}$,TN,FP,FN,TP,Prec,FP/P
2844,3196,BRFC_alpha_0_5_0_1_1_0_Hard.csv,0.8391666666666667,0,1,1.0,669705,6739,108863,17393,0.7207442400132604,0.053375681155747055
37834,39349,BRFC_alpha_0_5_0_1_1_0_Medium.csv,0.88,636,752,0.5417867435158501,670206,6238,118129,8127,0.5657500870170553,0.04940755290837663
158806,164214,BRFC_alpha_0_5_0_1_1_0_Easy.csv,0.8953671802054154,2,1,0.3333333333333333,670131,6313,120822,5434,0.46258619221929004,0.05000158408313268
