Index,len,Filename,min,max,Neg,Pos,$\frac{\text{Pos}}{\text{Neg}+\text{Pos}}$,TN,FP,FN,TP,Prec,Rec,FP/P
58,62,BRFC_alpha_0_5_0_1_1_0_Hard.csv,0.85,0.8693333333333334,1799,3717,0.6738578680203046,672647,3797,114612,11644,0.7540962372903309,0.0922253199847928,0.03007381827398302
108,109,BRFC_alpha_0_5_0_1_1_0_Medium.csv,0.95,1.0,1113,2007,0.6432692307692308,676444,0,126256,0,,0.0,0.0
125,126,BRFC_alpha_0_5_0_1_1_0_Easy.csv,0.9638333333333337,1.0,1000,1279,0.5612110574813515,676444,0,126256,0,,0.0,0.0
