Index,len,Filename,min,max,Neg,Pos,$\frac{\text{Pos}}{\text{Neg}+\text{Pos}}$,TN,FP,FN,TP,Prec,Rec,FP/P
38,62,BRFC_alpha_0_5_0_1_1_0_Hard.csv,0.65,0.6598333333333334,5189,2319,0.3088705380927011,618433,58011,67372,58884,0.5037341203644297,0.4663857559244709,0.45947123305031046
96,109,BRFC_alpha_0_5_0_1_1_0_Medium.csv,0.81,0.8199999999999998,2703,1800,0.39973351099267157,658043,18401,107727,18529,0.5017330083942594,0.1467573818273983,0.1457435686224813
122,126,BRFC_alpha_0_5_0_1_1_0_Easy.csv,0.910347805788982,0.9250436507936508,1290,1000,0.4366812227074236,673170,3274,122977,3279,0.5003815046543568,0.025971042960334558,0.025931440882017487
86,118,KBFC_alpha_0_5_gamma_0_0_0_1_1_0_Hard.csv,0.36348727,0.36992502,1880,1000,0.3472222222222222,637183,39261,86905,39351,0.5005724316898184,0.31167627677100496,0.31096343936129767
112,126,KBFC_alpha_0_5_gamma_0_0_0_1_1_0_Medium.csv,0.42363477,0.43224457,1244,1000,0.44563279857397503,662093,14351,112011,14245,0.4981465939292209,0.11282632112533265,0.11366588518565454
125,127,KBFC_alpha_0_5_gamma_0_0_0_1_1_0_Easy.csv,0.3821631,0.40682432,1623,1002,0.38171428571428573,675032,1412,125256,1000,0.41459369817578773,0.007920415663414017,0.01118362691674059
