Index,len,Filename,min,max,Neg,Pos,$\frac{\text{Pos}}{\text{Neg}+\text{Pos}}$,TN,FP,FN,TP,Prec,Rec,FP/P
38,62,BRFC_alpha_0_5_0_1_1_0_Hard.csv,0.65,0.6598333333333334,5189,2319,0.3088705380927011,618433,58011,67372,58884,0.5037341203644297,0.4663857559244709,0.45947123305031046
96,109,BRFC_alpha_0_5_0_1_1_0_Medium.csv,0.81,0.8199999999999998,2703,1800,0.39973351099267157,658043,18401,107727,18529,0.5017330083942594,0.1467573818273983,0.1457435686224813
122,126,BRFC_alpha_0_5_0_1_1_0_Easy.csv,0.910347805788982,0.9250436507936508,1290,1000,0.4366812227074236,673170,3274,122977,3279,0.5003815046543568,0.025971042960334558,0.025931440882017487
