Index,len,Filename,min,max,Neg,Pos,$\frac{\text{Pos}}{\text{Neg}+\text{Pos}}$,TN,FP,FN,TP,Prec,Rec,FP/P
1133,1301,BRFC_alpha_0_5_1_0_1_0_Hard,0.8366666666666667,0.8366666666666667,3,6,0.6666666666666666,669319,7125,108482,17774,0.7138439294750794,0.14077746800152072,0.056432961601824864
5065,13589,BRFC_alpha_0_5_1_0_1_0_Medium,0.4845396825396825,0.484547619047619,1,2,0.6666666666666666,437619,238825,38966,87290,0.2676663140303267,0.6913730832594095,1.8915932708148524
13252,63587,BRFC_alpha_0_5_1_0_1_0_Easy,0.3726904761904761,0.3726904761904761,1,2,0.6666666666666666,243306,433138,21790,104466,0.19431775061197462,0.8274141426942085,3.43063299961982
105782,105783,KBFC_alpha_0_5_gamma_0_0_1_0_1_0_Hard,0.9565614,0.9649659,2,1.0,0.3333333333333333,676444,0,126256.0,0.0,,0.0,0.0
112331,112332,KBFC_alpha_0_5_gamma_0_0_1_0_1_0_Medium,0.8506545,0.90622103,1,6.0,0.8571428571428571,676444,0,126256.0,0.0,,0.0,0.0
65129,65130,KBFC_alpha_0_5_gamma_0_0_1_0_1_0_Easy,0.49847233,0.52140087,6,6.0,0.5,676444,0,126256.0,0.0,,0.0,0.0
