Index,len,Filename,min,max,Neg,Pos,$\frac{\text{Pos}}{\text{Neg}+\text{Pos}}$,TN,FP,FN,TP,Prec,Rec,FP/P
1045,1301,BRFC_alpha_0_5_1_0_1_0_Hard,0.7966666666666667,0.7969999999999999,8,6,0.42857142857142855,663221,13223,99834,26422,0.6664648757724808,0.20927322265872514,0.10473165631732353
13561,13589,BRFC_alpha_0_5_1_0_1_0_Medium,0.978,0.978,2,1,0.3333333333333333,676120,324,125613,643,0.6649431230610134,0.005092827271575212,0.0025662146749461413
63585,63587,BRFC_alpha_0_5_1_0_1_0_Easy,0.999,0.999,2,1,0.3333333333333333,676340,104,126060,196,0.6533333333333333,0.001552401470029147,0.0008237232289950577
105782,105783,KBFC_alpha_0_5_gamma_0_0_1_0_1_0_Hard,0.9565614,0.9649659,2,1.0,0.3333333333333333,676444,0,126256.0,0.0,,0.0,0.0
112331,112332,KBFC_alpha_0_5_gamma_0_0_1_0_1_0_Medium,0.8506545,0.90622103,1,6.0,0.8571428571428571,676444,0,126256.0,0.0,,0.0,0.0
65129,65130,KBFC_alpha_0_5_gamma_0_0_1_0_1_0_Easy,0.49847233,0.52140087,6,6.0,0.5,676444,0,126256.0,0.0,,0.0,0.0
