Index,len,Filename,min,max,Neg,Pos,$\frac{\text{Pos}}{\text{Neg}+\text{Pos}}$,TN,FP,FN,TP,Prec,Rec,FP/P
700,1301,BRFC_alpha_0_5_1_0_1_0_Hard,0.6515000000000001,0.6516666666666666,1,3,0.75,618066,58378,67226,59030,0.502776642136822,0.4675421366113294,0.46237802559878344
12039,13589,BRFC_alpha_0_5_1_0_1_0_Medium,0.8216721611721612,0.8219523809523811,8,1,0.1111111111111111,659116,17328,108927,17329,0.5000144270998644,0.13725288303130148,0.13724496261563807
62342,63587,BRFC_alpha_0_5_1_0_1_0_Easy,0.9302570894447828,0.9302570894447828,7,1,0.125,673543,2901,123353,2903,0.5001722949689869,0.022992966670890888,0.02297712583956406
105782,105783,KBFC_alpha_0_5_gamma_0_0_1_0_1_0_Hard,0.9565614,0.9649659,2,1.0,0.3333333333333333,676444,0,126256.0,0.0,,0.0,0.0
112331,112332,KBFC_alpha_0_5_gamma_0_0_1_0_1_0_Medium,0.8506545,0.90622103,1,6.0,0.8571428571428571,676444,0,126256.0,0.0,,0.0,0.0
65129,65130,KBFC_alpha_0_5_gamma_0_0_1_0_1_0_Easy,0.49847233,0.52140087,6,6.0,0.5,676444,0,126256.0,0.0,,0.0,0.0
