Index,len,Filename,min,max,Neg,Pos,$\frac{\text{Pos}}{\text{Neg}+\text{Pos}}$,TN,FP,FN,TP,Prec,Rec,FP/P
436,1438,BRFC_alpha_0_5_1_0_1_1_Hard,0.5083333333333333,0.5091666666666667,17,4,0.19047619047619047,489685,186759,33480,92776,0.331894038313628,0.7348244835888987,1.4792089088835383
8267,14994,BRFC_alpha_0_5_1_0_1_1_Medium,0.5957142857142858,0.5957142857142858,1,1,0.5,545719,130725,60991,65265,0.3330016837593755,0.5169259282727158,1.0353963375997972
49706,63587,BRFC_alpha_0_5_1_0_1_1_Easy,0.7391935661461672,0.7391935661461672,8,1,0.1111111111111111,625498,50946,100823,25433,0.33298419722698647,0.20143993156760867,0.4035134963882905
106171,106172,KBFC_alpha_0_5_gamma_0_0_1_0_1_1_Hard,0.9516664,0.9804042,1,30.0,0.967741935483871,676444,0,126256.0,0.0,,0.0,0.0
112146,112147,KBFC_alpha_0_5_gamma_0_0_1_0_1_1_Medium,0.89484376,0.90954477,1,1.0,0.5,676444,0,126256.0,0.0,,0.0,0.0
65129,65130,KBFC_alpha_0_5_gamma_0_0_1_0_1_1_Easy,0.49847233,0.52140087,6,6.0,0.5,676444,0,126256.0,0.0,,0.0,0.0
