Index,len,Filename,min,max,Neg,Pos,$\frac{\text{Pos}}{\text{Neg}+\text{Pos}}$,TN,FP,FN,TP,Prec,Rec,FP/P
1176,1438,BRFC_alpha_0_5_1_0_1_1_Hard,0.8079999999999999,0.8081666666666666,2,1,0.3333333333333333,665034,11410,103535,22721,0.6656998036975184,0.17995976428842986,0.09037194271955393
14956,14994,BRFC_alpha_0_5_1_0_1_1_Medium,0.9746706349206348,0.9748809523809524,1,1,0.5,676006,438,125392,864,0.663594470046083,0.00684323913318971,0.003469142060575339
63585,63587,BRFC_alpha_0_5_1_0_1_1_Easy,0.999,0.999,2,1,0.3333333333333333,676340,104,126060,196,0.6533333333333333,0.001552401470029147,0.0008237232289950577
106171,106172,KBFC_alpha_0_5_gamma_0_0_1_0_1_1_Hard,0.9516664,0.9804042,1,30.0,0.967741935483871,676444,0,126256.0,0.0,,0.0,0.0
112146,112147,KBFC_alpha_0_5_gamma_0_0_1_0_1_1_Medium,0.89484376,0.90954477,1,1.0,0.5,676444,0,126256.0,0.0,,0.0,0.0
65129,65130,KBFC_alpha_0_5_gamma_0_0_1_0_1_1_Easy,0.49847233,0.52140087,6,6.0,0.5,676444,0,126256.0,0.0,,0.0,0.0
