Index,len,Filename,min,max,Neg,Pos,$\frac{\text{Pos}}{\text{Neg}+\text{Pos}}$,TN,FP,FN,TP,Prec,Rec,FP/P
769,1438,BRFC_alpha_0_5_1_0_1_1_Hard,0.66,0.6609523809523811,4961,2300,0.3167607767525134,620498,55946,69818,56438,0.502188923690205,0.4470124192117602,0.44311557470536056
13148,14994,BRFC_alpha_0_5_1_0_1_1_Medium,0.8163333333333332,0.8163333333333332,3,7,0.7,656332,20112,106145,20111,0.49998756930114613,0.15928747940691929,0.1592953998225827
62342,63587,BRFC_alpha_0_5_1_0_1_1_Easy,0.9302570894447828,0.9302570894447828,7,1,0.125,673543,2901,123353,2903,0.5001722949689869,0.022992966670890888,0.02297712583956406
106171,106172,KBFC_alpha_0_5_gamma_0_0_1_0_1_1_Hard,0.9516664,0.9804042,1,30.0,0.967741935483871,676444,0,126256.0,0.0,,0.0,0.0
112146,112147,KBFC_alpha_0_5_gamma_0_0_1_0_1_1_Medium,0.89484376,0.90954477,1,1.0,0.5,676444,0,126256.0,0.0,,0.0,0.0
65129,65130,KBFC_alpha_0_5_gamma_0_0_1_0_1_1_Easy,0.49847233,0.52140087,6,6.0,0.5,676444,0,126256.0,0.0,,0.0,0.0
