Index,len,Filename,min,max,Neg,Pos,$\frac{\text{Pos}}{\text{Neg}+\text{Pos}}$,TN,FP,FN,TP,Prec,Rec,FP/P
52,62,BRFC_alpha_0_5_0_1_1_0_Hard,0.79,0.7999999999999998,1934,2313,0.5446197315752296,663592,12852,100201,26055,0.6696738376127689,0.20636643011025219,0.10179318210619694
107,109,BRFC_alpha_0_5_0_1_1_0_Medium,0.9287380952380953,0.949857142857143,1000,1398,0.5829858215179317,675331,1113,124249,2007,0.6432692307692308,0.01589627423647193,0.0088154226333798
124,126,BRFC_alpha_0_5_0_1_1_0_Easy,0.942899445583656,0.9638333333333334,1069,1000,0.4833252779120348,675444,1000,124977,1279,0.5612110574813515,0.010130211633506527,0.007920415663414017
109,118,KBFC_alpha_0_5_gamma_0_0_0_1_1_0_Hard,0.5686136,0.584521,1000,1131,0.5307367433129986,668444,8000,110233,16023,0.6669858052699497,0.12690882017488278,0.06336332530731213
124,126,KBFC_alpha_0_5_gamma_0_0_0_1_1_0_Medium,0.5913389,0.6337012,1000,1292,0.5636998254799301,675444,1000,124563,1693,0.6286669142220572,0.013409263718159928,0.007920415663414017
125,127,KBFC_alpha_0_5_gamma_0_0_0_1_1_0_Easy,0.3821631,0.40682432,1623,1002,0.38171428571428573,675032,1412,125256,1000,0.41459369817578773,0.007920415663414017,0.01118362691674059
