Index,len,Filename,min,max,Neg,Pos,$\frac{\text{Pos}}{\text{Neg}+\text{Pos}}$,TN,FP,FN,TP,Prec,Rec,FP/P
38,62,BRFC_alpha_0_5_0_1_0_0_Hard,0.65,0.6599999999999998,5268,2420,0.31477627471383973,618591,57853,67457,58799,0.5040547954600006,0.4657125205930807,0.45821980737549106
92,105,BRFC_alpha_0_5_0_1_0_0_Medium,0.81,0.8199999999999998,2649,1834,0.4091010484050859,658435,18009,107871,18385,0.5051656866516459,0.1456168419718667,0.142638765682423
122,126,BRFC_alpha_0_5_0_1_0_0_Easy,0.9106785714285712,0.9263488455988456,1317,1000,0.43159257660768235,673225,3219,122990,3266,0.5036237471087124,0.025868077556710178,0.025495818020529717
85,118,KBFC_alpha_0_5_gamma_0_0_0_1_0_0_Hard,0.35253188,0.3586652,1836,1000,0.3526093088857546,636245,40199,85788,40468,0.5016673484820311,0.32052338106703837,0.31839278925358006
111,125,KBFC_alpha_0_5_gamma_0_0_0_1_0_0_Medium,0.4299112,0.43922573,1393,1000,0.41788549937317176,662187,14257,111859,14397,0.5024429399036784,0.11403022430617159,0.11292136611329362
125,127,KBFC_alpha_0_5_gamma_0_0_0_1_0_0_Easy,0.38143554,0.40458485,1661,1001,0.3760330578512397,674998,1446,125255,1001,0.40907233346955457,0.00792833607907743,0.011452921049296667
