Index,len,Filename,min,max,Neg,Pos,$\frac{\text{Pos}}{\text{Neg}+\text{Pos}}$,TN,FP,FN,TP,Prec,Rec,FP/P
38,62,BRFC_alpha_0_5_0_0_1_0_Hard,0.65,0.6599999999999998,5280,2396,0.31214174048983845,618411,58033,67515,58741,0.5030314967372874,0.4652531364846027,0.4596454821949056
96,109,BRFC_alpha_0_5_0_0_1_0_Medium,0.81,0.8199999999999998,2798,1829,0.3952885238815647,657808,18636,107758,18498,0.4981418645984812,0.14651184894183247,0.1476048663033836
122,126,BRFC_alpha_0_5_0_0_1_0_Easy,0.910347805788982,0.9250436507936508,1290,1000,0.4366812227074236,673170,3274,122977,3279,0.5003815046543568,0.025971042960334558,0.025931440882017487
86,118,KBFC_alpha_0_5_gamma_0_0_0_0_1_0_Hard,0.35564542,0.36204368,1981,1000,0.3354579000335458,637286,39158,86731,39525,0.5023321429025329,0.313054429096439,0.310147636547966
112,126,KBFC_alpha_0_5_gamma_0_0_0_0_1_0_Medium,0.42438298,0.43364832,1348,1000,0.42589437819420783,662063,14381,112058,14198,0.496798348437664,0.1124540615891522,0.11390349765555696
125,127,KBFC_alpha_0_5_gamma_0_0_0_0_1_0_Easy,0.3821631,0.40682432,1623,1002,0.38171428571428573,675032,1412,125256,1000,0.41459369817578773,0.007920415663414017,0.01118362691674059
