Index,len,Filename,min,max,Neg,Pos,$\frac{\text{Pos}}{\text{Neg}+\text{Pos}}$,TN,FP,FN,TP,Prec,Rec,FP/P
420,421,BRFC_alpha_0_5_0_1_0_1_Hard,1.0,1.0,13,129.0,0.9084507042253521,676444,0,126256.0,0.0,,0.0,0.0
1736,3171,BRFC_alpha_0_5_0_1_0_1_Medium,0.5956666666666667,0.5958333333333332,68,12,0.15,545931,130513,61096,65160,0.3330045535153036,0.5160942846280573,1.0337172094791536
8741,11116,BRFC_alpha_0_5_0_1_0_1_Easy,0.7360332445332444,0.7361461038961039,31,10,0.24390243902439024,623647,52797,99898,26358,0.3329922304339587,0.20876631605626664,0.4181741857812698
4504,11595,KBFC_alpha_0_5_gamma_0_0_0_1_0_1_Hard,0.17590518,0.1759415,52,10,0.16129032258064516,513856,162588,45077,81179,0.3330188253537189,0.6429714231402864,1.287764541883158
7283,12302,KBFC_alpha_0_5_gamma_0_0_0_1_0_1_Medium,0.22116278,0.22119506,33,10,0.23255813953488372,569865,106579,73044,53212,0.333009994305061,0.42146115828158665,0.8441499809910024
9866,11207,KBFC_alpha_0_5_gamma_0_0_0_1_0_1_Easy,0.29393584,0.29397926,25,10,0.2857142857142857,647194,29250,111653,14603,0.3329988826306068,0.11566182993283487,0.23167215815485998
