Index,len,Filename,min,max,Neg,Pos,$\frac{\text{Pos}}{\text{Neg}+\text{Pos}}$,TN,FP,FN,TP,Prec,Rec,FP/P
1225,1226,BRFC_alpha_0_5_1_1_0_0_Hard,1.0,1.0,15,144.0,0.9056603773584906,676444,0,126256.0,0.0,,0.0,0.0
10348,12566,BRFC_alpha_0_5_1_1_0_0_Medium,0.7701666666666668,0.7701937229437229,1,2,0.6666666666666666,644748,31696,99187,27069,0.4606313281715307,0.214397731592954,0.25104549486757066
40899,63643,BRFC_alpha_0_5_1_1_0_0_Easy,0.6511386113886114,0.6511386113886114,1,2,0.6666666666666666,570636,105808,83757,42499,0.2865609849838511,0.33660974527943227,0.8380433405145102
106017,106018,KBFC_alpha_0_5_gamma_0_0_1_1_0_0_Hard,0.95827824,0.97667265,1,12.0,0.9230769230769231,676444,0,126256.0,0.0,,0.0,0.0
112152,112153,KBFC_alpha_0_5_gamma_0_0_1_1_0_0_Medium,0.8761753,0.91096604,1,1.0,0.5,676444,0,126256.0,0.0,,0.0,0.0
65089,65090,KBFC_alpha_0_5_gamma_0_0_1_1_0_0_Easy,0.50159866,0.517414,5,6.0,0.5454545454545454,676444,0,126256.0,0.0,,0.0,0.0
