Index,len,Filename,min,max,Neg,Pos,$\frac{\text{Pos}}{\text{Neg}+\text{Pos}}$,TN,FP,FN,TP,Prec,Rec,FP/P
1225,1226,BRFC_alpha_0_5_1_1_0_0_Hard,1.0,1.0,15,144.0,0.9056603773584906,676444,0,126256.0,0.0,,0.0,0.0
11075,12566,BRFC_alpha_0_5_1_1_0_0_Medium,0.8145,0.8145,11,4,0.26666666666666666,657528,18916,107338,18918,0.5000264312523127,0.14983842352046636,0.14982258268913953
62379,63643,BRFC_alpha_0_5_1_1_0_0_Easy,0.9293499555999551,0.9293499555999551,2,1,0.3333333333333333,673489,2955,123301,2955,0.5,0.023404828285388417,0.023404828285388417
106017,106018,KBFC_alpha_0_5_gamma_0_0_1_1_0_0_Hard,0.95827824,0.97667265,1,12.0,0.9230769230769231,676444,0,126256.0,0.0,,0.0,0.0
112152,112153,KBFC_alpha_0_5_gamma_0_0_1_1_0_0_Medium,0.8761753,0.91096604,1,1.0,0.5,676444,0,126256.0,0.0,,0.0,0.0
65089,65090,KBFC_alpha_0_5_gamma_0_0_1_1_0_0_Easy,0.50159866,0.517414,5,6.0,0.5454545454545454,676444,0,126256.0,0.0,,0.0,0.0
