Index,len,Filename,min,max,Neg,Pos,$\frac{\text{Pos}}{\text{Neg}+\text{Pos}}$,TN,FP,FN,TP,Prec,Rec,FP/P
1225,1226,BRFC_alpha_0_5_1_1_0_0_Hard,1.0,1.0,15,144.0,0.9056603773584906,676444,0,126256.0,0.0,,0.0,0.0
7029,12566,BRFC_alpha_0_5_1_1_0_0_Medium,0.5961111111111111,0.5961666666666667,21,2,0.08695652173913043,547755,128689,62007,64249,0.3330033482258549,0.5088787859586871,1.0192703713090863
49791,63643,BRFC_alpha_0_5_1_1_0_0_Easy,0.739520202020202,0.739520202020202,2,1,0.3333333333333333,625647,50797,100895,25361,0.33300506841040994,0.20086966163984285,0.4023333544544418
106017,106018,KBFC_alpha_0_5_gamma_0_0_1_1_0_0_Hard,0.95827824,0.97667265,1,12.0,0.9230769230769231,676444,0,126256.0,0.0,,0.0,0.0
112152,112153,KBFC_alpha_0_5_gamma_0_0_1_1_0_0_Medium,0.8761753,0.91096604,1,1.0,0.5,676444,0,126256.0,0.0,,0.0,0.0
65089,65090,KBFC_alpha_0_5_gamma_0_0_1_1_0_0_Easy,0.50159866,0.517414,5,6.0,0.5454545454545454,676444,0,126256.0,0.0,,0.0,0.0
