Index,len,Filename,min,max,Neg,Pos,$\frac{\text{Pos}}{\text{Neg}+\text{Pos}}$,TN,FP,FN,TP,Prec,Rec,FP/P
708,1271,BRFC_alpha_0_5_0_0_0_0_Hard,0.6606666666666666,0.6606666666666666,1,1,0.5,623022,53422,69692,56564,0.5142836360991399,0.4480103915853504,0.42312444557090356
3478,12336,BRFC_alpha_0_5_0_0_0_0_Medium,0.4236666666666666,0.4236666666666666,4,4,0.5,362130,314314,27750,98506,0.23861731505256528,0.780208465340261,2.489497528830313
32609,63574,BRFC_alpha_0_5_0_0_0_0_Easy,0.5772619047619049,0.5772658730158731,2,2,0.5,498599,177845,65980,60276,0.25313181113803485,0.47741097452794323,1.4086063236598656
105796,105797,KBFC_alpha_0_5_gamma_0_0_0_0_0_0_Hard,0.9652473,0.9978977,1,10.0,0.9090909090909091,676444,0,126256.0,0.0,,0.0,0.0
112273,112274,KBFC_alpha_0_5_gamma_0_0_0_0_0_0_Medium,0.85429543,0.8737503,1,3.0,0.75,676444,0,126256.0,0.0,,0.0,0.0
65081,65082,KBFC_alpha_0_5_gamma_0_0_0_0_0_0_Easy,0.5078636,0.50817347,1,3.0,0.75,676444,0,126256.0,0.0,,0.0,0.0
