Index,len,Filename,min,max,Neg,Pos,$\frac{\text{Pos}}{\text{Neg}+\text{Pos}}$,TN,FP,FN,TP,Prec,Rec,FP/P
1003,1271,BRFC_alpha_0_5_0_0_0_0_Hard,0.79,0.79,1887,2155,0.533151904997526,663247,13197,99745,26511,0.6676488365064974,0.20997813965276899,0.10452572551007477
12284,12336,BRFC_alpha_0_5_0_0_0_0_Medium,0.9651785714285716,0.9653571428571428,1,1,0.5,675933,511,125232,1024,0.6671009771986971,0.008110505639335953,0.004047332404004562
63571,63574,BRFC_alpha_0_5_0_0_0_0_Easy,0.999,0.999,1,1,0.5,676307,137,126043,213,0.6085714285714285,0.0016870485363071853,0.0010850969458877202
105796,105797,KBFC_alpha_0_5_gamma_0_0_0_0_0_0_Hard,0.9652473,0.9978977,1,10.0,0.9090909090909091,676444,0,126256.0,0.0,,0.0,0.0
112273,112274,KBFC_alpha_0_5_gamma_0_0_0_0_0_0_Medium,0.85429543,0.8737503,1,3.0,0.75,676444,0,126256.0,0.0,,0.0,0.0
65081,65082,KBFC_alpha_0_5_gamma_0_0_0_0_0_0_Easy,0.5078636,0.50817347,1,3.0,0.75,676444,0,126256.0,0.0,,0.0,0.0
