Index,len,Filename,min,max,Neg,Pos,$\frac{\text{Pos}}{\text{Neg}+\text{Pos}}$,TN,FP,FN,TP,Prec,Rec,FP/P
1241,1441,BRFC_alpha_0_5_0_1_1_1_Hard,0.8298333333333333,0.8299999999999998,1,2,0.6666666666666666,668146,8298,107633,18623,0.6917647932840534,0.14750190089975923,0.06572360917500951
7194,15010,BRFC_alpha_0_5_0_1_1_1_Medium,0.5535833333333333,0.5536428571428571,1,2,0.6666666666666666,510441,166003,52461,73795,0.3077381796345257,0.5844870738816373,1.3148127613737168
55020,63485,BRFC_alpha_0_5_0_1_1_1_Easy,0.80125,0.80125,1,2,0.6666666666666666,650319,26125,110812,15444,0.3715268589573961,0.12232289950576607,0.20692085920669118
105924,105925,KBFC_alpha_0_5_gamma_0_0_0_1_1_1_Hard,0.9623852,0.96905524,1,2.0,0.6666666666666666,676444,0,126256.0,0.0,,0.0,0.0
111851,111852,KBFC_alpha_0_5_gamma_0_0_0_1_1_1_Medium,0.8602089,0.8870699,1,6.0,0.8571428571428571,676444,0,126256.0,0.0,,0.0,0.0
65020,65021,KBFC_alpha_0_5_gamma_0_0_0_1_1_1_Easy,0.5049188,0.5063206,1,3.0,0.75,676444,0,126256.0,0.0,,0.0,0.0
