Index,len,Filename,min,max,Neg,Pos,$\frac{\text{Pos}}{\text{Neg}+\text{Pos}}$,TN,FP,FN,TP,Prec,Rec,FP/P
1373,1374,BRFC_alpha_0_5_0_1_0_1_Hard,1.0,1.0,13,129.0,0.9084507042253521,676444,0,126256.0,0.0,,0.0,0.0
4094,13832,BRFC_alpha_0_5_0_1_0_1_Medium,0.434936507936508,0.434952380952381,1,1,0.5,379882,296562,29894,96362,0.24524335494904867,0.7632270941579014,2.3488943099733874
52420,63564,BRFC_alpha_0_5_0_1_0_1_Easy,0.7692619047619046,0.7692690365190364,2,2,0.5,639107,37337,105961,20295,0.35214811215991115,0.16074483588898744,0.29572455962488914
105694,105695,KBFC_alpha_0_5_gamma_0_0_0_1_0_1_Hard,0.95225865,0.97844476,1,8.0,0.8888888888888888,676444,0,126256.0,0.0,,0.0,0.0
111789,111790,KBFC_alpha_0_5_gamma_0_0_0_1_0_1_Medium,0.88054,0.8955631,1,3.0,0.75,676444,0,126256.0,0.0,,0.0,0.0
64988,64989,KBFC_alpha_0_5_gamma_0_0_0_1_0_1_Easy,0.50974643,0.50995547,1,3.0,0.75,676444,0,126256.0,0.0,,0.0,0.0
