Index,len,Filename,min,max,Neg,Pos,$\frac{\text{Pos}}{\text{Neg}+\text{Pos}}$,TN,FP,FN,TP,Prec,Rec,FP/P
1373,1374,BRFC_alpha_0_5_0_1_0_1_Hard,1.0,1.0,13,129.0,0.9084507042253521,676444,0,126256.0,0.0,,0.0,0.0
12116,13832,BRFC_alpha_0_5_0_1_0_1_Medium,0.8125,0.8125,63,37,0.37,656062,20382,105868,20388,0.5000735835172921,0.16148143454568495,0.1614339120517045
62105,63564,BRFC_alpha_0_5_0_1_0_1_Easy,0.925197324777046,0.9252103174603172,5,3,0.375,673119,3325,122932,3324,0.4999248007219131,0.02632746166518819,0.026335382080851604
105694,105695,KBFC_alpha_0_5_gamma_0_0_0_1_0_1_Hard,0.95225865,0.97844476,1,8.0,0.8888888888888888,676444,0,126256.0,0.0,,0.0,0.0
111789,111790,KBFC_alpha_0_5_gamma_0_0_0_1_0_1_Medium,0.88054,0.8955631,1,3.0,0.75,676444,0,126256.0,0.0,,0.0,0.0
64988,64989,KBFC_alpha_0_5_gamma_0_0_0_1_0_1_Easy,0.50974643,0.50995547,1,3.0,0.75,676444,0,126256.0,0.0,,0.0,0.0
