Index,len,Filename,min,max,Neg,Pos,$\frac{\text{Pos}}{\text{Neg}+\text{Pos}}$,TN,FP,FN,TP,Prec,Rec,FP/P
1373,1374,BRFC_alpha_0_5_0_1_0_1_Hard,1.0,1.0,13,129.0,0.9084507042253521,676444,0,126256.0,0.0,,0.0,0.0
7697,13832,BRFC_alpha_0_5_0_1_0_1_Medium,0.59575,0.59575,1,1,0.5,545922,130522,61093,65163,0.33299946342335895,0.5161180458750475,1.0337884932201242
49299,63564,BRFC_alpha_0_5_0_1_0_1_Easy,0.7363533966033964,0.7363533966033964,3,1,0.25,623769,52675,99958,26298,0.332999886037,0.2082910911164618,0.4172078950703333
105694,105695,KBFC_alpha_0_5_gamma_0_0_0_1_0_1_Hard,0.95225865,0.97844476,1,8.0,0.8888888888888888,676444,0,126256.0,0.0,,0.0,0.0
111789,111790,KBFC_alpha_0_5_gamma_0_0_0_1_0_1_Medium,0.88054,0.8955631,1,3.0,0.75,676444,0,126256.0,0.0,,0.0,0.0
64988,64989,KBFC_alpha_0_5_gamma_0_0_0_1_0_1_Easy,0.50974643,0.50995547,1,3.0,0.75,676444,0,126256.0,0.0,,0.0,0.0
