Index,len,Filename,min,max,Neg,Pos,$\frac{\text{Pos}}{\text{Neg}+\text{Pos}}$,TN,FP,FN,TP,Prec,Rec,FP/P
1373,1374,BRFC_alpha_0_5_0_1_0_1_Hard,1.0,1.0,13,129.0,0.9084507042253521,676444,0,126256.0,0.0,,0.0,0.0
13729,13832,BRFC_alpha_0_5_0_1_0_1_Medium,0.955,0.9553809523809522,30,41,0.5774647887323944,675521,923,124406,1850,0.6671474936891453,0.01465276897731593,0.007310543657331137
63556,63564,BRFC_alpha_0_5_0_1_0_1_Easy,0.9966666666666668,0.9971428571428572,6,1,0.14285714285714285,676309,135,126023,233,0.6331521739130435,0.0018454568495754656,0.0010692561145608922
105694,105695,KBFC_alpha_0_5_gamma_0_0_0_1_0_1_Hard,0.95225865,0.97844476,1,8.0,0.8888888888888888,676444,0,126256.0,0.0,,0.0,0.0
111789,111790,KBFC_alpha_0_5_gamma_0_0_0_1_0_1_Medium,0.88054,0.8955631,1,3.0,0.75,676444,0,126256.0,0.0,,0.0,0.0
64988,64989,KBFC_alpha_0_5_gamma_0_0_0_1_0_1_Easy,0.50974643,0.50995547,1,3.0,0.75,676444,0,126256.0,0.0,,0.0,0.0
