Index,len,Filename,p,Neg,Pos,$\frac{\text{Pos}}{\text{Neg}+\text{Pos}}$,TN,FP,FN,TP,Prec,FP/P
2861,3391,BRFC_alpha_0_5_1_0_0_1_Hard,0.7999999999999998,1,0,0.0,663429,13015,101733,24523,0.6532846715328468,0.10308420985933342
37743,40306,BRFC_alpha_0_5_1_0_0_1_Medium,0.8466666666666667,60,49,0.44954128440366975,663835,12609,111796,14460,0.53419040230522,0.09986852109998733
154602,164405,BRFC_alpha_0_5_1_0_0_1_Easy,0.8554285714285714,1,0,0.0,663816,12628,117158,9098,0.418760931602688,0.1000190089975922
747955,781281,KBFC_alpha_0_5_gamma_0_0_1_0_0_1_Hard,0.49971083,0,1,1.0,663818,12626,105262,20994,0.624449732302201,0.10000316816626537
703430,728344,KBFC_alpha_0_5_gamma_0_0_1_0_0_1_Medium,0.44614774,1,0,0.0,663818,12626,113274,12982,0.5069509528272415,0.10000316816626537
168428,177330,KBFC_alpha_0_5_gamma_0_0_1_0_0_1_Easy,0.32583493,7,0,0.0,663821,12623,119146,7110,0.3603101403739928,0.09997940691927512
