Index,len,Filename,min,max,Neg,Pos,$\frac{\text{Pos}}{\text{Neg}+\text{Pos}}$,TN,FP,FN,TP,Prec,Rec,FP/P
23,62,BRFC_alpha_0_5_1_0_0_1_Hard,0.5,0.5099999999999999,11651,1978,0.14513170445373835,490366,186078,33641,92615,0.3323190751113232,0.7335492966670891,1.4738151058167532
56,112,BRFC_alpha_0_5_1_0_0_1_Medium,0.59,0.5932777777777777,3858,1085,0.21950232652235485,543955,132489,60589,65667,0.3313904196693514,0.5201099353694082,1.0493679508300595
100,126,BRFC_alpha_0_5_1_0_0_1_Easy,0.7344237119090059,0.7402564102564102,2681,1002,0.27206081998370896,625906,50538,100959,25297,0.3335794817696314,0.20036275503738435,0.4002819667976175
44,118,KBFC_alpha_0_5_gamma_0_0_1_0_0_1_Hard,0.16823636,0.17137395,4392,1000,0.18545994065281898,512301,164143,44880,81376,0.3314448168980812,0.644531745025979,1.300080788239767
73,125,KBFC_alpha_0_5_gamma_0_0_1_0_0_1_Medium,0.223419,0.22642739,3318,1000,0.2315886984715146,572228,104216,73965,52291,0.3341128511823752,0.4141664554555823,0.8254340387783551
112,127,KBFC_alpha_0_5_gamma_0_0_1_0_0_1_Easy,0.28882012,0.2921806,2255,1002,0.30764507215228737,648489,27955,112242,14014,0.3339131263551669,0.11099670510708402,0.2214152198707388
