Index,len,Filename,min,max,Neg,Pos,$\frac{\text{Pos}}{\text{Neg}+\text{Pos}}$,TN,FP,FN,TP,Prec,Rec,FP/P
1365,1366,BRFC_alpha_0_5_1_0_0_1_Hard,1.0,1.0,6,162.0,0.9642857142857143,676444,0,126256.0,0.0,,0.0,0.0
10098,13746,BRFC_alpha_0_5_1_0_0_1_Medium,0.7144007936507937,0.7144393939393939,1,2,0.6666666666666666,619381,57063,85694,40562,0.4154878361075544,0.3212679001393993,0.451962679001394
57713,63567,BRFC_alpha_0_5_1_0_0_1_Easy,0.8368214285714286,0.8368333333333333,1,2,0.6666666666666666,659984,16460,115215,11041,0.4014763099523654,0.08744930933975414,0.1303700418197947
105664,105665,KBFC_alpha_0_5_gamma_0_0_1_0_0_1_Hard,0.9672934,0.9712188,1,2.0,0.6666666666666666,676444,0,126256.0,0.0,,0.0,0.0
112052,112053,KBFC_alpha_0_5_gamma_0_0_1_0_0_1_Medium,0.87650144,0.9000867,1,2.0,0.6666666666666666,676444,0,126256.0,0.0,,0.0,0.0
65163,65164,KBFC_alpha_0_5_gamma_0_0_1_0_0_1_Easy,0.503468,0.52146393,3,6.0,0.6666666666666666,676444,0,126256.0,0.0,,0.0,0.0
