Index,len,Filename,min,max,Neg,Pos,$\frac{\text{Pos}}{\text{Neg}+\text{Pos}}$,TN,FP,FN,TP,Prec,Rec,FP/P
1365,1366,BRFC_alpha_0_5_1_0_0_1_Hard,1.0,1.0,6,162.0,0.9642857142857143,676444,0,126256.0,0.0,,0.0,0.0
7541,13746,BRFC_alpha_0_5_1_0_0_1_Medium,0.5957142857142856,0.5957380952380953,19,3,0.13636363636363635,545973,130471,61118,65138,0.33300103778456003,0.5159200354834622,1.03338455202129
49643,63567,BRFC_alpha_0_5_1_0_0_1_Easy,0.7386262822145174,0.7386262822145174,1,1,0.5,625240,51204,100692,25564,0.3330033347228012,0.2024775060195159,0.40555696362945126
105664,105665,KBFC_alpha_0_5_gamma_0_0_1_0_0_1_Hard,0.9672934,0.9712188,1,2.0,0.6666666666666666,676444,0,126256.0,0.0,,0.0,0.0
112052,112053,KBFC_alpha_0_5_gamma_0_0_1_0_0_1_Medium,0.87650144,0.9000867,1,2.0,0.6666666666666666,676444,0,126256.0,0.0,,0.0,0.0
65163,65164,KBFC_alpha_0_5_gamma_0_0_1_0_0_1_Easy,0.503468,0.52146393,3,6.0,0.6666666666666666,676444,0,126256.0,0.0,,0.0,0.0
