Index,len,Filename,min,max,Neg,Pos,$\frac{\text{Pos}}{\text{Neg}+\text{Pos}}$,TN,FP,FN,TP,Prec,Rec,FP/P
355,419,BRFC_alpha_0_5_1_0_1_1_Hard,0.8075,0.8096428571428572,11,12,0.5217391304347826,665036,11408,103539,22717,0.6656996336996337,0.1799280826257762,0.0903561018882271
3344,3355,BRFC_alpha_0_5_1_0_1_1_Medium,0.9733333333333334,0.9748809523809524,12,12,0.5,676006,438,125392,864,0.663594470046083,0.00684323913318971,0.003469142060575339
11097,11099,BRFC_alpha_0_5_1_0_1_1_Easy,0.998,0.999,13,11,0.4583333333333333,676340,104,126060,196,0.6533333333333333,0.001552401470029147,0.0008237232289950577
10878,11621,KBFC_alpha_0_5_gamma_0_0_1_0_1_1_Hard,0.5991734,0.5994562,13,10,0.43478260869565216,668809,7635,110963,15293,0.6670010467550593,0.12112691674059055,0.06047237359016601
12290,12316,KBFC_alpha_0_5_gamma_0_0_1_0_1_1_Medium,0.7120567,0.713566,10,22,0.6875,676190,254,125748,508,0.6666666666666666,0.00402357115701432,0.00201178557850716
11217,11219,KBFC_alpha_0_5_gamma_0_0_1_0_1_1_Easy,0.48503628,0.49184173,18,12,0.4,676434,10,126244,12,0.5454545454545454,9.50449879609682e-05,7.920415663414016e-05
