Index,len,Filename,min,max,Neg,Pos,$\frac{\text{Pos}}{\text{Neg}+\text{Pos}}$,TN,FP,FN,TP,Prec,Rec,FP/P
39,112,BRFC_alpha_0_5_0_1_0_0_Hard,0.49,0.4999999999999999,11771,1872,0.13721322289818955,483965,192479,31759,94497,0.32928537578055306,0.7484555189456342,1.5245136864782665
323,578,BRFC_alpha_0_5_0_1_0_0_Medium,0.5951666666666667,0.5966666666666666,420,100,0.19230769230769232,548056,128388,62123,64133,0.33312210096560896,0.507960017741731,1.0168863261943988
983,1241,BRFC_alpha_0_5_0_1_0_0_Easy,0.7356666666666666,0.7362688045117711,243,102,0.2956521739130435,623717,52727,99933,26323,0.33299177735610375,0.20848910150804714,0.4176197566848308
446,1177,KBFC_alpha_0_5_gamma_0_0_0_1_0_0_Hard,0.17503123,0.17534876,452,100,0.18115942028985507,512993,163451,44647,81609,0.33301640414592343,0.6463772018755545,1.2945998606006843
729,1247,KBFC_alpha_0_5_gamma_0_0_0_1_0_0_Medium,0.22980845,0.23008047,292,100,0.25510204081632654,569741,106703,72976,53280,0.3330353850096573,0.42199974654669875,0.8451321125332657
1101,1247,KBFC_alpha_0_5_gamma_0_0_0_1_0_0_Easy,0.2936203,0.29397926,215,101,0.31962025316455694,647194,29250,111653,14603,0.3329988826306068,0.11566182993283487,0.23167215815485998
