Index,len,Filename,min,max,Neg,Pos,$\frac{\text{Pos}}{\text{Neg}+\text{Pos}}$,TN,FP,FN,TP,Prec,Rec,FP/P
51,62,BRFC_alpha_0_5_1_0_1_0_Hard,0.78,0.7891666666666667,2161,2257,0.5108646446355817,661344,15100,97555,28701,0.6552590123513162,0.22732384995564567,0.11959827651755164
103,109,BRFC_alpha_0_5_1_0_1_0_Medium,0.88,0.8899999999999999,1246,1313,0.5130910511918718,670747,5697,118732,7524,0.5690946221919673,0.059593207451527054,0.04512260803446965
124,126,BRFC_alpha_0_5_1_0_1_0_Easy,0.9410833333333334,0.962452380952381,1138,1000,0.4677268475210477,675444,1000,124964,1292,0.5636998254799301,0.010233177037130909,0.007920415663414017
107,119,KBFC_alpha_0_5_gamma_0_0_1_0_1_0_Hard,0.5056152,0.51781714,1008,1000,0.49800796812749004,665444,11000,107037,19219,0.6359906019391773,0.15222246863515398,0.08712457229755417
122,126,KBFC_alpha_0_5_gamma_0_0_1_0_1_0_Medium,0.5461359,0.56540936,1001,1000,0.49975012493753124,673444,3000,122124,4132,0.5793606281547953,0.032727157521226714,0.023761246990242048
126,127,KBFC_alpha_0_5_gamma_0_0_1_0_1_0_Easy,0.40323353,0.52140087,1506,1002,0.39952153110047844,676444,0,126256,0,,0.0,0.0
