Index,len,Filename,min,max,Neg,Pos,$\frac{\text{Pos}}{\text{Neg}+\text{Pos}}$,TN,FP,FN,TP,Prec,Rec,FP/P
238,419,BRFC_alpha_0_5_1_0_1_1_Hard,0.66,0.662,4975,2308,0.3169023753947549,620512,55932,69826,56430,0.5022160516900731,0.4469490558864529,0.44300468888607275
2934,3355,BRFC_alpha_0_5_1_0_1_1_Medium,0.8160000000000001,0.8163235930735928,18,10,0.35714285714285715,656329,20115,106138,20118,0.5000372828275297,0.15934292231656316,0.15931916106957292
10894,11099,BRFC_alpha_0_5_1_0_1_1_Easy,0.9300805322128852,0.93025,19,10,0.3448275862068966,673536,2908,123352,2904,0.49965588437715075,0.023000887086554303,0.02303256874920796
8684,11621,KBFC_alpha_0_5_gamma_0_0_1_0_1_1_Hard,0.3784278,0.3784807,21,10,0.3225806451612903,637176,39268,86988,39268,0.5,0.3110188822709416,0.3110188822709416
11133,12316,KBFC_alpha_0_5_gamma_0_0_1_0_1_1_Medium,0.43809178,0.4382478,30,10,0.25,662144,14300,111952,14304,0.5000699202908684,0.11329362564947408,0.11326194398682043
11216,11219,KBFC_alpha_0_5_gamma_0_0_1_0_1_1_Easy,0.4789077,0.48495686,20,10,0.3333333333333333,676416,28,126232,24,0.46153846153846156,0.0001900899759219364,0.00022177163857559244
