Index,len,Filename,min,max,Neg,Pos,$\frac{\text{Pos}}{\text{Neg}+\text{Pos}}$,TN,FP,FN,TP,Prec,Rec,FP/P
51,62,BRFC_alpha_0_5_1_1_0_1_Hard,0.78,0.7898333333333334,2220,2206,0.49841843651152284,661427,15017,99290,26966,0.6423076006955196,0.21358192877962234,0.11894088201748827
104,112,BRFC_alpha_0_5_1_1_0_1_Medium,0.87,0.8799999999999999,1486,1382,0.4818688981868898,669131,7313,116533,9723,0.5707325663301245,0.07701020149537448,0.0579219997465467
124,126,BRFC_alpha_0_5_1_1_0_1_Easy,0.9416497113997114,0.9628246753246752,1154,1000,0.46425255338904364,675443,1001,124973,1283,0.5617338003502627,0.010161893296160183,0.00792833607907743
105,118,KBFC_alpha_0_5_gamma_0_0_1_1_0_1_Hard,0.5301093,0.5412345,1000,1016,0.503968253968254,664411,12033,105959,20297,0.6278069904113827,0.16076067672031427,0.09530636167786086
118,126,KBFC_alpha_0_5_gamma_0_0_1_1_0_1_Medium,0.49669415,0.5091342,1021,1000,0.49480455220188024,669383,7061,118012,8244,0.5386475008167265,0.06529590672918514,0.05592605499936636
126,127,KBFC_alpha_0_5_gamma_0_0_1_1_0_1_Easy,0.40321836,0.517414,1500,1000,0.4,676444,0,126256,0,,0.0,0.0
