Index,len,Filename,min,max,Neg,Pos,$\frac{\text{Pos}}{\text{Neg}+\text{Pos}}$,TN,FP,FN,TP,Prec,Rec,FP/P
59,62,BRFC_alpha_0_5_1_1_0_1_Hard,0.86,0.879090909090909,1702,3250,0.6563004846526656,673545,2899,116994,9262,0.7616149987665488,0.07335888987454062,0.022961285008237232
111,112,BRFC_alpha_0_5_1_1_0_1_Medium,0.9541666666666668,1.0,1000,1886,0.6534996534996536,676444,0,126256,0,,0.0,0.0
125,126,BRFC_alpha_0_5_1_1_0_1_Easy,0.9628571428571427,1.0,1001,1283,0.5617338003502627,676444,0,126256,0,,0.0,0.0
114,118,KBFC_alpha_0_5_gamma_0_0_1_1_0_1_Hard,0.6906988,0.7224349,1000,1839,0.6477632969355407,673444,3000,118076,8180,0.7316636851520573,0.06478900012672666,0.023761246990242048
125,126,KBFC_alpha_0_5_gamma_0_0_1_1_0_1_Medium,0.64449096,0.8894927,1000,1747,0.6359665089188206,676444,0,126256,0,,0.0,0.0
126,127,KBFC_alpha_0_5_gamma_0_0_1_1_0_1_Easy,0.40321836,0.517414,1500,1000,0.4,676444,0,126256,0,,0.0,0.0
