Index,len,Filename,min,max,Neg,Pos,$\frac{\text{Pos}}{\text{Neg}+\text{Pos}}$,TN,FP,FN,TP,Prec,Rec,FP/P
39,62,BRFC_alpha_0_5_1_1_0_1_Hard,0.66,0.6698333333333332,5193,2506,0.3254968177685414,620953,55491,70395,55861,0.5016613980889432,0.4424423393739704,0.4395117855785072
97,112,BRFC_alpha_0_5_1_1_0_1_Medium,0.8,0.8099999999999998,2905,1922,0.39817692148332295,654723,21721,104735,21521,0.49768743351371353,0.17045526549233303,0.17203934862501585
122,126,BRFC_alpha_0_5_1_1_0_1_Easy,0.9099175020885544,0.9244945887445888,1292,1000,0.4363001745200698,673059,3385,122973,3283,0.4923515296940612,0.026002724622988214,0.026810607020656445
85,118,KBFC_alpha_0_5_gamma_0_0_1_1_0_1_Hard,0.3681672,0.37451595,1884,1000,0.34674063800277394,636042,40402,85942,40314,0.49945487883443185,0.31930363705487264,0.3200006336332531
112,126,KBFC_alpha_0_5_gamma_0_0_1_1_0_1_Medium,0.43129635,0.44141275,1364,1000,0.4230118443316413,662077,14367,112011,14245,0.49786802740109043,0.11282632112533265,0.11379261183626917
125,127,KBFC_alpha_0_5_gamma_0_0_1_1_0_1_Easy,0.3797488,0.40319955,1582,1005,0.38848086586780056,674944,1500,125256,1000,0.4,0.007920415663414017,0.011880623495121024
