Index,len,Filename,min,max,Neg,Pos,$\frac{\text{Pos}}{\text{Neg}+\text{Pos}}$,TN,FP,FN,TP,Prec,Rec,FP/P
102,113,BRFC_alpha_0_5_0_0_0_0_Hard,0.86,0.8695238095238096,901,1828,0.669842433125687,672560,3884,114291,11965,0.754937220013881,0.0947677734127487,0.03076289443670004
570,572,BRFC_alpha_0_5_0_0_0_0_Medium,0.98,0.9891666666666667,143,282,0.6635294117647059,676325,119,125932,324,0.7313769751693002,0.0025662146749461413,0.0009425294639462679
1242,1243,BRFC_alpha_0_5_0_0_0_0_Easy,1.0,1.0,136,211,0.6080691642651297,676444,0,126256,0,,0.0,0.0
1133,1178,KBFC_alpha_0_5_gamma_0_0_0_0_0_0_Hard,0.6621715,0.66499704,100,198,0.6644295302013423,672044,4400,115359,10897,0.712361901026345,0.08630876948422253,0.03484982891902167
1247,1248,KBFC_alpha_0_5_gamma_0_0_0_0_0_0_Medium,0.7561902,0.8737503,100,214,0.6815286624203821,676444,0,126256,0,,0.0,0.0
1246,1247,KBFC_alpha_0_5_gamma_0_0_0_0_0_0_Easy,0.46710396,0.50817347,114,100,0.4672897196261682,676444,0,126256,0,,0.0,0.0
