Index,len,Filename,min,max,Neg,Pos,$\frac{\text{Pos}}{\text{Neg}+\text{Pos}}$,TN,FP,FN,TP,Prec,Rec,FP/P
39,113,BRFC_alpha_0_5_0_0_0_0_Hard,0.49,0.4999999999999999,11525,1814,0.13599220331359171,484506,191938,31721,94535,0.3299961951039016,0.748756494740844,1.5202287416043594
323,572,BRFC_alpha_0_5_0_0_0_0_Medium,0.5953333333333334,0.5966666666666666,384,101,0.20824742268041238,547928,128516,62118,64138,0.33291808111952,0.5079996198200482,1.0179001393993157
985,1243,BRFC_alpha_0_5_0_0_0_0_Easy,0.7363384115884115,0.7367857142857143,253,103,0.2893258426966292,624001,52443,100066,26190,0.3330662698866888,0.20743568622481307,0.41537035863642124
451,1178,KBFC_alpha_0_5_gamma_0_0_0_0_0_0_Hard,0.18335731,0.18369149,436,100,0.1865671641791045,513982,162462,45161,81095,0.3329610727673604,0.6423061082245596,1.2867665695095678
729,1248,KBFC_alpha_0_5_gamma_0_0_0_0_0_0_Medium,0.22749276,0.22779937,369,100,0.21321961620469082,569737,106707,72995,53261,0.3329478395679136,0.4218492586490939,0.8451637941959194
1099,1247,KBFC_alpha_0_5_gamma_0_0_0_0_0_0_Easy,0.29278064,0.2932173,250,101,0.28774928774928776,646767,29677,111432,14824,0.33311610975034267,0.11741224179444937,0.23505417564313774
