Index,len,Filename,min,max,Neg,Pos,$\frac{\text{Pos}}{\text{Neg}+\text{Pos}}$,TN,FP,FN,TP,Prec,Rec,FP/P
129,404,BRFC_alpha_0_5_1_0_0_1_Hard,0.5066666666666667,0.5099999999999999,106,14,0.11666666666666667,490366,186078,33641,92615,0.3323190751113232,0.7335492966670891,1.4738151058167532
1733,3182,BRFC_alpha_0_5_1_0_0_1_Medium,0.5956666666666667,0.5958333333333332,52,13,0.2,545978,130466,61119,65137,0.333006139987628,0.5159121150677988,1.033344949942973
8811,11114,BRFC_alpha_0_5_1_0_0_1_Easy,0.7384209320092318,0.7384404761904763,25,13,0.34210526315789475,625158,51286,100651,25605,0.3330038626107087,0.20280224306171588,0.40620643771385123
4536,11589,KBFC_alpha_0_5_gamma_0_0_1_0_0_1_Hard,0.17289649,0.17291673,22,10,0.3125,514471,161973,45395,80861,0.3329887906965252,0.6404527309593208,1.2828934862501584
7329,12311,KBFC_alpha_0_5_gamma_0_0_1_0_0_1_Medium,0.22496131,0.22499971,35,10,0.2222222222222222,570730,105714,73480,52776,0.332992617830778,0.4180078570523381,0.8372988214421493
9883,11215,KBFC_alpha_0_5_gamma_0_0_1_0_0_1_Easy,0.29089236,0.29093385,38,11,0.22448979591836735,647572,28872,111841,14415,0.333009910596715,0.11417279178811304,0.22867824103408946
