Index,len,Filename,min,max,Neg,Pos,$\frac{\text{Pos}}{\text{Neg}+\text{Pos}}$,TN,FP,FN,TP,Prec,Rec,FP/P
359,360,BRFC_alpha_0_5_1_0_0_0_Hard,0.99,1.0,26,316.0,0.9239766081871345,676444,0,126256.0,0.0,,0.0,0.0
2734,2861,BRFC_alpha_0_5_1_0_0_0_Medium,0.888,0.8881944444444447,10,10,0.5,670919,5525,118935,7321,0.5699050288027402,0.057985363071854014,0.04376029654036244
8289,11114,BRFC_alpha_0_5_1_0_0_0_Easy,0.7062738095238096,0.7062821487078453,10,10,0.5,608305,68139,94865,31391,0.3153923440168793,0.24862976809022938,0.5396892028893676
10685,11595,KBFC_alpha_0_5_gamma_0_0_1_0_0_0_Hard,0.5426289,0.5427204,10,10,0.5,667057,9387,108587,17669,0.6530529272619752,0.13994582435686226,0.07434894183246737
6156,12313,KBFC_alpha_0_5_gamma_0_0_1_0_0_0_Medium,0.19430386,0.19431649,10,10,0.5,525357,151087,61708,64548,0.29933916108238456,0.5112469902420479,1.1966718413382333
10746,11215,KBFC_alpha_0_5_gamma_0_0_1_0_0_0_Easy,0.3415292,0.34162953,10,10,0.5,667921,8523,121195,5061,0.37257067137809186,0.040085223672538334,0.06750570269927766
