Index,len,Filename,min,max,Neg,Pos,$\frac{\text{Pos}}{\text{Neg}+\text{Pos}}$,TN,FP,FN,TP,Prec,Rec,FP/P
359,360,BRFC_alpha_0_5_1_0_0_0_Hard,0.99,1.0,26,316.0,0.9239766081871345,676444,0,126256.0,0.0,,0.0,0.0
2855,2861,BRFC_alpha_0_5_1_0_0_0_Medium,0.9766666666666668,0.9799981962481962,10,20,0.6666666666666666,676146,298,125664,592,0.6651685393258427,0.004688886072741098,0.002360283867697377
11068,11114,BRFC_alpha_0_5_1_0_0_0_Easy,0.9713576423576424,0.9716817241496034,10,20,0.6666666666666666,675735,709,125297,959,0.5749400479616307,0.007595678621214041,0.005615574705360537
11265,11595,KBFC_alpha_0_5_gamma_0_0_1_0_0_0_Hard,0.6826993,0.6830409,10,20,0.6666666666666666,673152,3292,117331,8925,0.7305394122943439,0.0706897097959701,0.026074008363958942
11875,12313,KBFC_alpha_0_5_gamma_0_0_1_0_0_0_Medium,0.5353689,0.53562534,10,20,0.6666666666666666,671658,4786,120165,6091,0.5599889675461984,0.04824325180585477,0.03790710936509948
8932,11215,KBFC_alpha_0_5_gamma_0_0_1_0_0_0_Easy,0.25926414,0.2592735,10,17,0.6296296296296297,620948,55496,101360,24896,0.30968255547815704,0.19718666835635534,0.4395513876568242
