Index,len,Filename,min,max,Neg,Pos,$\frac{\text{Pos}}{\text{Neg}+\text{Pos}}$,TN,FP,FN,TP,Prec,Rec,FP/P
206,372,BRFC_alpha_0_5_0_1_0_0_Hard,0.65,0.653,5013,2315,0.3159115720524017,618336,58108,67352,58904,0.5034013605442177,0.4665441642377392,0.4602395133696616
2554,2893,BRFC_alpha_0_5_0_1_0_0_Medium,0.8144166666666668,0.8149999999999998,41,10,0.19607843137254902,657558,18886,107378,18878,0.4998940790170533,0.1495216068939298,0.1495849702192371
10870,11116,BRFC_alpha_0_5_0_1_0_0_Easy,0.9250738077282192,0.9253070818070817,23,12,0.34285714285714286,673127,3317,122934,3322,0.5003765627353517,0.026311620833861363,0.02627201875554429
8531,11593,KBFC_alpha_0_5_gamma_0_0_0_1_0_0_Hard,0.3566776,0.35672572,16,10,0.38461538461538464,635672,40772,85482,40774,0.5000122630171927,0.32294702826004307,0.32293118742871624
11096,12305,KBFC_alpha_0_5_gamma_0_0_0_1_0_0_Medium,0.43639132,0.43645075,12,10,0.45454545454545453,661760,14684,111572,14684,0.5,0.11630338360157141,0.11630338360157141
11203,11207,KBFC_alpha_0_5_gamma_0_0_0_1_0_0_Easy,0.47658905,0.48056513,14,12,0.46153846153846156,676409,35,126223,33,0.4852941176470588,0.00026137371689266255,0.00027721454821949055
