Index,len,Filename,min,max,Neg,Pos,$\frac{\text{Pos}}{\text{Neg}+\text{Pos}}$,TN,FP,FN,TP,Prec,Rec,FP/P
301,372,BRFC_alpha_0_5_0_1_0_0_Hard,0.79,0.7920476190476191,1875,2182,0.5378358392901158,663849,12595,100406,25850,0.6723891273247496,0.20474274489925232,0.09975763528069953
2880,2893,BRFC_alpha_0_5_0_1_0_0_Medium,0.966,0.9673333333333332,10,22,0.6875,675977,467,125319,937,0.6673789173789174,0.007421429476618933,0.0036988341148143453
11113,11116,BRFC_alpha_0_5_0_1_0_0_Easy,0.996,0.9971428571428572,24,10,0.29411764705882354,676309,135,126023,233,0.6331521739130435,0.0018454568495754656,0.0010692561145608922
10814,11593,KBFC_alpha_0_5_gamma_0_0_0_1_0_0_Hard,0.58276695,0.5828922,10,13,0.5652173913043478,668481,7963,110305,15951,0.6670151375763151,0.12633855024711696,0.0630702699277658
12255,12305,KBFC_alpha_0_5_gamma_0_0_0_1_0_0_Medium,0.67511797,0.6763071,10,20,0.6666666666666666,675946,498,125259,997,0.6668896321070235,0.007896654416423773,0.00394436700038018
11203,11207,KBFC_alpha_0_5_gamma_0_0_0_1_0_0_Easy,0.47658905,0.48056513,14,12,0.46153846153846156,676409,35,126223,33,0.4852941176470588,0.00026137371689266255,0.00027721454821949055
