Index,len,Filename,min,max,Neg,Pos,$\frac{\text{Pos}}{\text{Neg}+\text{Pos}}$,TN,FP,FN,TP,Prec,Rec,FP/P
1271,1272,BRFC_alpha_0_5_1_0_0_0_Hard,1.0,1.0,5,138.0,0.965034965034965,676444,0,126256.0,0.0,,0.0,0.0
4550,12314,BRFC_alpha_0_5_1_0_0_0_Medium,0.4814999999999998,0.4814999999999999,1,2,0.6666666666666666,434144,242300,38562,87694,0.2657442256525876,0.6945729311874287,1.919116715245216
57713,63567,BRFC_alpha_0_5_1_0_0_0_Easy,0.8368214285714286,0.8368333333333333,1,2,0.6666666666666666,659984,16460,115215,11041,0.4014763099523654,0.08744930933975414,0.1303700418197947
105781,105782,KBFC_alpha_0_5_gamma_0_0_1_0_0_0_Hard,0.966498,0.9963865,2,3.0,0.6,676444,0,126256.0,0.0,,0.0,0.0
112328,112329,KBFC_alpha_0_5_gamma_0_0_1_0_0_0_Medium,0.8819418,0.8927599,1,3.0,0.75,676444,0,126256.0,0.0,,0.0,0.0
65163,65164,KBFC_alpha_0_5_gamma_0_0_1_0_0_0_Easy,0.503468,0.52146393,3,6.0,0.6666666666666666,676444,0,126256.0,0.0,,0.0,0.0
