Index,len,Filename,min,max,Neg,Pos,$\frac{\text{Pos}}{\text{Neg}+\text{Pos}}$,TN,FP,FN,TP,Prec,Rec,FP/P
1271,1272,BRFC_alpha_0_5_1_0_0_0_Hard,1.0,1.0,5,138.0,0.965034965034965,676444,0,126256.0,0.0,,0.0,0.0
6156,12314,BRFC_alpha_0_5_1_0_0_0_Medium,0.5636904761904762,0.5637380952380951,3,3,0.5,520138,156306,55288,70968,0.3122574513582724,0.5620960588011659,1.2380084906855913
41562,63567,BRFC_alpha_0_5_1_0_0_0_Easy,0.658125,0.6581270396270399,3,3,0.5,575895,100549,85131,41125,0.29027909143526687,0.3257270941579014,0.7963898745406159
105781,105782,KBFC_alpha_0_5_gamma_0_0_1_0_0_0_Hard,0.966498,0.9963865,2,3.0,0.6,676444,0,126256.0,0.0,,0.0,0.0
112328,112329,KBFC_alpha_0_5_gamma_0_0_1_0_0_0_Medium,0.8819418,0.8927599,1,3.0,0.75,676444,0,126256.0,0.0,,0.0,0.0
65163,65164,KBFC_alpha_0_5_gamma_0_0_1_0_0_0_Easy,0.503468,0.52146393,3,6.0,0.6666666666666666,676444,0,126256.0,0.0,,0.0,0.0
