Index,len,Filename,min,max,Neg,Pos,$\frac{\text{Pos}}{\text{Neg}+\text{Pos}}$,TN,FP,FN,TP,Prec,Rec,FP/P
1271,1272,BRFC_alpha_0_5_1_0_0_0_Hard,1.0,1.0,5,138.0,0.965034965034965,676444,0,126256.0,0.0,,0.0,0.0
6871,12314,BRFC_alpha_0_5_1_0_0_0_Medium,0.5982142857142856,0.5982857142857142,7,1,0.125,548505,127939,62382,63874,0.3330014128343751,0.5059086300849068,1.0133300595615258
49643,63567,BRFC_alpha_0_5_1_0_0_0_Easy,0.7386262822145174,0.7386262822145174,1,1,0.5,625240,51204,100692,25564,0.3330033347228012,0.2024775060195159,0.40555696362945126
105781,105782,KBFC_alpha_0_5_gamma_0_0_1_0_0_0_Hard,0.966498,0.9963865,2,3.0,0.6,676444,0,126256.0,0.0,,0.0,0.0
112328,112329,KBFC_alpha_0_5_gamma_0_0_1_0_0_0_Medium,0.8819418,0.8927599,1,3.0,0.75,676444,0,126256.0,0.0,,0.0,0.0
65163,65164,KBFC_alpha_0_5_gamma_0_0_1_0_0_0_Easy,0.503468,0.52146393,3,6.0,0.6666666666666666,676444,0,126256.0,0.0,,0.0,0.0
