Index,len,Filename,min,max,Neg,Pos,$\frac{\text{Pos}}{\text{Neg}+\text{Pos}}$,TN,FP,FN,TP,Prec,Rec,FP/P
1271,1272,BRFC_alpha_0_5_1_0_0_0_Hard,1.0,1.0,5,138.0,0.965034965034965,676444,0,126256.0,0.0,,0.0,0.0
12292,12314,BRFC_alpha_0_5_1_0_0_0_Medium,0.978,0.9792857142857144,2,6,0.75,676145,299,125658,598,0.6666666666666666,0.004736408566721581,0.0023682042833607906
63565,63567,BRFC_alpha_0_5_1_0_0_0_Easy,0.9989285714285714,0.9992857142857144,4,1,0.2,676334,110,126049,207,0.6529968454258676,0.0016395260423267013,0.0008712457229755417
105781,105782,KBFC_alpha_0_5_gamma_0_0_1_0_0_0_Hard,0.966498,0.9963865,2,3.0,0.6,676444,0,126256.0,0.0,,0.0,0.0
112328,112329,KBFC_alpha_0_5_gamma_0_0_1_0_0_0_Medium,0.8819418,0.8927599,1,3.0,0.75,676444,0,126256.0,0.0,,0.0,0.0
65163,65164,KBFC_alpha_0_5_gamma_0_0_1_0_0_0_Easy,0.503468,0.52146393,3,6.0,0.6666666666666666,676444,0,126256.0,0.0,,0.0,0.0
