Index,len,Filename,p,Neg,Pos,$\frac{\text{Pos}}{\text{Neg}+\text{Pos}}$,TN,FP,FN,TP,Prec,FP/P
2784,3347,BRFC_alpha_0_5_0_1_0_1_Hard.csv,0.7998333333333334,1,0,0.0,663298,13146,101684,24572,0.6514661434858688,0.10412178431124065
38538,41103,BRFC_alpha_0_5_0_1_0_1_Medium.csv,0.8469047619047619,2,3,0.6,663819,12625,111705,14551,0.5354356785398882,0.09999524775060195
154383,164169,BRFC_alpha_0_5_0_1_0_1_Easy.csv,0.8552651604931012,5,3,0.375,663820,12624,117189,9067,0.4180074685353372,0.09998732733493854
