Index,len,Filename,min,max,Neg,Pos,$\frac{\text{Pos}}{\text{Neg}+\text{Pos}}$,TN,FP,FN,TP,Prec,Rec,FP/P
60,63,BRFC_alpha_0_5_0_1_0_1_Hard.csv,0.87,0.8894999999999998,1433,2901,0.6693585602215044,674171,2273,118380,7876,0.7760370479850232,0.06238119376504879,0.018003104802940057
111,112,BRFC_alpha_0_5_0_1_0_1_Medium.csv,0.9513333333333333,1.0,1000,1950,0.6610169491525424,676444,0,126256,0,,0.0,0.0
125,126,BRFC_alpha_0_5_0_1_0_1_Easy.csv,0.9637619047619048,1.0,1001,1266,0.5584472871636524,676444,0,126256,0,,0.0,0.0
