Index,len,Filename,min,max,Neg,Pos,$\frac{\text{Pos}}{\text{Neg}+\text{Pos}}$,TN,FP,FN,TP,Prec,Rec,FP/P
54,63,BRFC_alpha_0_5_0_1_0_1_Hard.csv,0.8,0.8099999999999998,1822,2106,0.5361507128309573,665120,11324,103790,22466,0.6648712636874815,0.1779400582942593,0.08969078697250031
110,112,BRFC_alpha_0_5_0_1_0_1_Medium.csv,0.9300000000000002,0.9512936507936506,1000,1465,0.5943204868154158,675444,1000,124306,1950,0.6610169491525424,0.01544481054365733,0.007920415663414017
124,126,BRFC_alpha_0_5_0_1_0_1_Easy.csv,0.942857142857143,0.9637301587301588,1073,1000,0.482392667631452,675443,1001,124990,1266,0.5584472871636524,0.010027246229882145,0.00792833607907743
109,118,KBFC_alpha_0_5_gamma_0_0_0_1_0_1_Hard.csv,0.55834913,0.5751913,1000,1339,0.5724668661821292,668444,8000,110328,15928,0.6656636576395855,0.12615638068685844,0.06336332530731213
123,125,KBFC_alpha_0_5_gamma_0_0_0_1_0_1_Medium.csv,0.5943476,0.6384828,1000,1309,0.56691208315288,675444,1000,124517,1739,0.6349032493610807,0.013773602838676974,0.007920415663414017
125,127,KBFC_alpha_0_5_gamma_0_0_0_1_0_1_Easy.csv,0.38143554,0.40458485,1661,1001,0.3760330578512397,674998,1446,125255,1001,0.40907233346955457,0.00792833607907743,0.011452921049296667
