Index,len,Filename,min,max,Neg,Pos,$\frac{\text{Pos}}{\text{Neg}+\text{Pos}}$,TN,FP,FN,TP,Prec,Rec,FP/P
40,63,BRFC_alpha_0_5_0_1_0_1_Hard.csv,0.66,0.6691666666666667,5216,2416,0.3165618448637317,621163,55281,70370,55886,0.5027211312709707,0.4426403497655557,0.4378484982891902
97,112,BRFC_alpha_0_5_0_1_0_1_Medium.csv,0.8,0.8099999999999998,2841,1933,0.4049015500628404,654570,21874,104726,21530,0.4960372315915584,0.17052654923330376,0.17325117222151817
122,126,BRFC_alpha_0_5_0_1_0_1_Easy.csv,0.9106785714285712,0.9263488455988456,1317,1000,0.43159257660768235,673225,3219,122990,3266,0.5036237471087124,0.025868077556710178,0.025495818020529717
