Index,len,Filename,min,max,Neg,Pos,$\frac{\text{Pos}}{\text{Neg}+\text{Pos}}$,TN,FP,FN,TP,Prec,Rec,FP/P
1315,1316,BRFC_alpha_0_5_0_1_1_0_Hard,1.0,1.0,10,154.0,0.9390243902439024,676444,0,126256.0,0.0,,0.0,0.0
12010,13424,BRFC_alpha_0_5_0_1_1_0_Medium,0.8288095238095237,0.8288333333333333,1,2,0.6666666666666666,660422,16022,109521,16735,0.5108831700094636,0.13254815612723356,0.12690089975921937
55020,63485,BRFC_alpha_0_5_0_1_1_0_Easy,0.80125,0.80125,1,2,0.6666666666666666,650319,26125,110812,15444,0.3715268589573961,0.12232289950576607,0.20692085920669118
105984,105985,KBFC_alpha_0_5_gamma_0_0_0_1_1_0_Hard,0.9793225,0.9889565,1,1.0,0.5,676444,0,126256.0,0.0,,0.0,0.0
112126,112127,KBFC_alpha_0_5_gamma_0_0_0_1_1_0_Medium,0.87021405,0.88742584,1,1.0,0.5,676444,0,126256.0,0.0,,0.0,0.0
65020,65021,KBFC_alpha_0_5_gamma_0_0_0_1_1_0_Easy,0.5049188,0.5063206,1,3.0,0.75,676444,0,126256.0,0.0,,0.0,0.0
