Index,len,Filename,min,max,Neg,Pos,$\frac{\text{Pos}}{\text{Neg}+\text{Pos}}$,TN,FP,FN,TP,Prec,Rec,FP/P
1315,1316,BRFC_alpha_0_5_0_1_1_0_Hard,1.0,1.0,10,154.0,0.9390243902439024,676444,0,126256.0,0.0,,0.0,0.0
11833,13424,BRFC_alpha_0_5_0_1_1_0_Medium,0.8179642857142856,0.8179642857142856,2,1,0.3333333333333333,657822,18622,107637,18619,0.4999597218119814,0.14747021923710557,0.14749398048409582
62050,63485,BRFC_alpha_0_5_0_1_1_0_Easy,0.9242976190476192,0.9243226773226773,7,1,0.125,673124,3320,122936,3320,0.5,0.026295780002534533,0.026295780002534533
105984,105985,KBFC_alpha_0_5_gamma_0_0_0_1_1_0_Hard,0.9793225,0.9889565,1,1.0,0.5,676444,0,126256.0,0.0,,0.0,0.0
112126,112127,KBFC_alpha_0_5_gamma_0_0_0_1_1_0_Medium,0.87021405,0.88742584,1,1.0,0.5,676444,0,126256.0,0.0,,0.0,0.0
65020,65021,KBFC_alpha_0_5_gamma_0_0_0_1_1_0_Easy,0.5049188,0.5063206,1,3.0,0.75,676444,0,126256.0,0.0,,0.0,0.0
