Index,len,Filename,min,max,Neg,Pos,$\frac{\text{Pos}}{\text{Neg}+\text{Pos}}$,TN,FP,FN,TP,Prec,Rec,FP/P
1315,1316,BRFC_alpha_0_5_0_1_1_0_Hard,1.0,1.0,10,154.0,0.9390243902439024,676444,0,126256.0,0.0,,0.0,0.0
7430,13424,BRFC_alpha_0_5_0_1_1_0_Medium,0.5966666666666666,0.5966666666666666,5,2,0.2857142857142857,547670,128774,61995,64261,0.3328981790866941,0.508973830946648,1.0199436066404766
49117,63485,BRFC_alpha_0_5_0_1_1_0_Easy,0.7356013196469853,0.7356013196469853,1,2,0.6666666666666666,623442,53002,99795,26461,0.33299774737928345,0.20958211886959827,0.4197978709922697
105984,105985,KBFC_alpha_0_5_gamma_0_0_0_1_1_0_Hard,0.9793225,0.9889565,1,1.0,0.5,676444,0,126256.0,0.0,,0.0,0.0
112126,112127,KBFC_alpha_0_5_gamma_0_0_0_1_1_0_Medium,0.87021405,0.88742584,1,1.0,0.5,676444,0,126256.0,0.0,,0.0,0.0
65020,65021,KBFC_alpha_0_5_gamma_0_0_0_1_1_0_Easy,0.5049188,0.5063206,1,3.0,0.75,676444,0,126256.0,0.0,,0.0,0.0
