Index,len,Filename,min,max,Neg,Pos,$\frac{\text{Pos}}{\text{Neg}+\text{Pos}}$,TN,FP,FN,TP,Prec,Rec,FP/P
102,121,BRFC_alpha_0_5_0_1_1_1_Hard,0.8033333333333335,0.8099999999999998,106,105,0.4976303317535545,665025,11419,103340,22916,0.6674239114606088,0.18150424534279558,0.09044322646052465
647,652,BRFC_alpha_0_5_0_1_1_1_Medium,0.96,0.9623333333333336,259,423,0.6202346041055719,675760,684,124857,1399,0.671627460393663,0.011080661513116208,0.005417564313775187
1242,1244,BRFC_alpha_0_5_0_1_1_1_Easy,0.991,0.9991666666666664,101,131,0.5646551724137931,676315,129,126064,192,0.5981308411214953,0.0015207198073754911,0.001021733620580408
1100,1179,KBFC_alpha_0_5_gamma_0_0_0_1_1_1_Hard,0.5788733,0.5802688,100,111,0.5260663507109005,668638,7806,110604,15652,0.6672350584022508,0.12397034596375618,0.061826764668609806
1243,1248,KBFC_alpha_0_5_gamma_0_0_0_1_1_1_Medium,0.67344403,0.6838841,100,133,0.5708154506437768,676044,400,125449,807,0.6685998342999171,0.006391775440375111,0.0031681662653656063
1246,1248,KBFC_alpha_0_5_gamma_0_0_0_1_1_1_Easy,0.45310917,0.46800873,127,100,0.44052863436123346,676331,113,126155,101,0.4719626168224299,0.0007999619820048156,0.0008950069699657839
