Index,len,Filename,min,max,Neg,Pos,$\frac{\text{Pos}}{\text{Neg}+\text{Pos}}$,TN,FP,FN,TP,Prec,Rec,FP/P
42,121,BRFC_alpha_0_5_0_1_1_1_Hard,0.5033333333333334,0.5099999999999999,583,101,0.1476608187134503,489622,186822,33584,92672,0.33157062405633037,0.7340007603599037,1.4797078950703333
366,652,BRFC_alpha_0_5_0_1_1_1_Medium,0.5966666666666667,0.5971539849039847,553,145,0.20773638968481375,546513,129931,61371,64885,0.33305785972404733,0.5139161703206184,1.0291075275630466
983,1244,BRFC_alpha_0_5_0_1_1_1_Easy,0.7348334933894798,0.7354164008506113,257,105,0.2900552486187845,623355,53089,99766,26490,0.3328767639703942,0.20981181092383727,0.4204869471549867
466,1179,KBFC_alpha_0_5_gamma_0_0_0_1_1_1_Hard,0.18743052,0.18773745,376,100,0.21008403361344538,517019,159425,46699,79557,0.33289954892000234,0.6301245089342289,1.2627122671397795
738,1248,KBFC_alpha_0_5_gamma_0_0_0_1_1_1_Medium,0.22390333,0.22423157,370,100,0.2127659574468085,571543,104901,73842,52414,0.3331786542923434,0.41514066658218224,0.8308595235077937
1098,1248,KBFC_alpha_0_5_gamma_0_0_0_1_1_1_Easy,0.29204592,0.2923361,240,100,0.29411764705882354,646348,30096,111234,15022,0.332949155547675,0.11898048409580535,0.23837282980610822
