Index,len,Filename,min,max,Neg,Pos,$\frac{\text{Pos}}{\text{Neg}+\text{Pos}}$,TN,FP,FN,TP,Prec,Rec,FP/P
102,120,BRFC_alpha_0_5_1_1_1_1_Hard,0.8033333333333335,0.8096666666666666,114,105,0.4794520547945205,665145,11299,103606,22650,0.6671772364428996,0.17939741477632745,0.08949277658091497
652,658,BRFC_alpha_0_5_1_1_1_1_Medium,0.954,0.9597965367965372,100,105,0.5121951219512195,675471,973,124328,1928,0.6645984143398828,0.015270561399062223,0.007706564440501837
1241,1243,BRFC_alpha_0_5_1_1_1_1_Easy,0.99,0.999,137,200,0.5934718100890207,676340,104,126060,196,0.6533333333333333,0.001552401470029147,0.0008237232289950577
1101,1179,KBFC_alpha_0_5_gamma_0_0_1_1_1_1_Hard,0.59771216,0.59929836,100,104,0.5098039215686274,668744,7700,110838,15418,0.6669262046889869,0.12211696869851729,0.060987200608287925
1245,1249,KBFC_alpha_0_5_gamma_0_0_1_1_1_1_Medium,0.69280565,0.707198,100,175,0.6363636363636364,676144,300,125685,571,0.6555683122847302,0.004522557343809403,0.0023761246990242047
1244,1247,KBFC_alpha_0_5_gamma_0_0_1_1_1_1_Easy,0.43856704,0.4500182,168,100,0.373134328358209,676165,279,126056,200,0.4175365344467641,0.0015840831326828031,0.0022097959700925103
