Index,len,Filename,min,max,Neg,Pos,$\frac{\text{Pos}}{\text{Neg}+\text{Pos}}$,TN,FP,FN,TP,Prec,Rec,FP/P
42,120,BRFC_alpha_0_5_1_1_1_1_Hard,0.5025,0.5096666666666666,669,105,0.13565891472868216,490001,186443,33425,92831,0.3324011544218223,0.7352601064503865,1.4767060575338993
365,658,BRFC_alpha_0_5_1_1_1_1_Medium,0.5935151515151517,0.594952380952381,475,100,0.17391304347826086,545016,131428,60593,65663,0.33316082418781173,0.5200782537067545,1.0409643898111773
993,1243,BRFC_alpha_0_5_1_1_1_1_Easy,0.7385077977577978,0.7392441304350812,292,101,0.25699745547073793,625539,50905,100827,25429,0.3331280949511358,0.201408249904955,0.4031887593460905
463,1179,KBFC_alpha_0_5_gamma_0_0_1_1_1_1_Hard,0.19112991,0.1914616,414,100,0.19455252918287938,516474,159970,46380,79876,0.33303036114840356,0.6326511215308579,1.26702889367634
741,1249,KBFC_alpha_0_5_gamma_0_0_1_1_1_1_Medium,0.22792341,0.22822459,324,100,0.2358490566037736,572002,104442,74114,52142,0.33299698564348845,0.4129863135217336,0.8272240527182867
1100,1247,KBFC_alpha_0_5_gamma_0_0_1_1_1_1_Easy,0.2893745,0.289683,258,100,0.27932960893854747,646972,29472,111535,14721,0.3331070531532143,0.11659643898111773,0.23343049043213787
