Index,len,Filename,min,max,Neg,Pos,$\frac{\text{Pos}}{\text{Neg}+\text{Pos}}$,TN,FP,FN,TP,Prec,Rec,FP/P
59,62,BRFC_alpha_0_5_1_1_1_1_Hard.csv,0.87,0.8891666666666665,1432,2971,0.6747672041789688,674081,2363,118194,8062,0.7733333333333333,0.0638543910784438,0.01871594221264732
111,112,BRFC_alpha_0_5_1_1_1_1_Medium.csv,0.9571666666666668,1.0,1000,1966,0.6628455832771409,676444,0,126256,0,,0.0,0.0
125,126,BRFC_alpha_0_5_1_1_1_1_Easy.csv,0.9624880952380952,1.0,1000,1292,0.5636998254799301,676444,0,126256,0,,0.0,0.0
115,119,KBFC_alpha_0_5_gamma_0_0_1_1_1_1_Hard.csv,0.6871165,0.72126937,1000,1937,0.6595165134490977,673444,3000,118327,7929,0.7255009607466374,0.06280097579520973,0.023761246990242048
125,126,KBFC_alpha_0_5_gamma_0_0_1_1_1_1_Medium.csv,0.64411753,0.87339306,1000,1650,0.6226415094339622,676444,0,126256,0,,0.0,0.0
126,127,KBFC_alpha_0_5_gamma_0_0_1_1_1_1_Easy.csv,0.40323353,0.52140087,1506,1002,0.39952153110047844,676444,0,126256,0,,0.0,0.0
