Index,len,Filename,p,Neg,Pos,$\frac{\text{Pos}}{\text{Neg}+\text{Pos}}$,TN,FP,FN,TP,Prec,FP/P
3194,3590,BRFC_alpha_0_5_1_0_1_1_Hard.csv,0.84,1099,1700,0.6073597713469097,670533,5911,111498,14758,0.7140161594658667,0.04681757698644025
43764,45202,BRFC_alpha_0_5_1_0_1_1_Medium.csv,0.8893095238095238,1,1,0.5,670131,6313,117746,8510,0.5741078054374957,0.05000158408313268
159224,164589,BRFC_alpha_0_5_1_0_1_1_Easy.csv,0.8954523809523812,0,1,1.0,670131,6313,120845,5411,0.4615319003752985,0.05000158408313268
761945,781740,KBFC_alpha_0_5_gamma_0_0_1_0_1_1_Hard.csv,0.6231635,1,0,0.0,670131,6313,112637,13619,0.683273128637367,0.05000158408313268
709751,723303,KBFC_alpha_0_5_gamma_0_0_1_0_1_1_Medium.csv,0.5152272,1,0,0.0,670131,6313,118702,7554,0.5447465205163338,0.05000158408313268
172515,177453,KBFC_alpha_0_5_gamma_0_0_1_0_1_1_Easy.csv,0.3537279,1,0,0.0,670131,6313,122391,3865,0.3797406170170957,0.05000158408313268
