Index,len,Filename,min,max,Neg,Pos,$\frac{\text{Pos}}{\text{Neg}+\text{Pos}}$,TN,FP,FN,TP,Prec,Rec,FP/P
332,370,BRFC_alpha_0_5_1_0_1_0_Hard,0.845,0.8464999999999999,18,36,0.6666666666666666,670475,5969,110428,15828,0.7261549754553379,0.12536433912051703,0.04727696109491826
3066,3070,BRFC_alpha_0_5_1_0_1_0_Medium,0.9851666666666666,0.9885714285714288,10,20,0.6666666666666666,676286,158,125890,366,0.6984732824427481,0.0028988721328095297,0.0012514256748194146
11072,11099,BRFC_alpha_0_5_1_0_1_0_Easy,0.9779166666666668,0.9784166666666668,10,20,0.6666666666666666,675965,479,125554,702,0.594411515664691,0.0055601317957166396,0.0037938791027753134
10622,11598,KBFC_alpha_0_5_gamma_0_0_1_0_1_0_Hard,0.5277441,0.52791476,10,20,0.6666666666666666,666240,10204,107866,18390,0.643141917884871,0.14565644405018374,0.08081992142947662
11898,12320,KBFC_alpha_0_5_gamma_0_0_1_0_1_0_Medium,0.5340655,0.5343023,10,20,0.6666666666666666,671783,4661,120419,5837,0.5560106686987998,0.04623146622734761,0.03691705740717273
7326,11219,KBFC_alpha_0_5_gamma_0_0_1_0_1_0_Easy,0.21637851,0.21638793,11,22,0.6666666666666666,564183,112261,83505,42751,0.2757915516218099,0.3386056900266126,0.8891537827905208
