Index,len,Filename,min,max,Neg,Pos,$\frac{\text{Pos}}{\text{Neg}+\text{Pos}}$,TN,FP,FN,TP,Prec,Rec,FP/P
113,370,BRFC_alpha_0_5_1_0_1_0_Hard,0.4975,0.4999999999999999,54,13,0.19402985074626866,484177,192267,31804,94452,0.32942358197398847,0.7480991002407806,1.5228345583576226
1694,3070,BRFC_alpha_0_5_1_0_1_0_Medium,0.5965,0.5966190476190476,29,11,0.275,547597,128847,61982,64274,0.33281724928930567,0.5090767963502725,1.0205217969839058
8809,11099,BRFC_alpha_0_5_1_0_1_0_Easy,0.7392441304350812,0.7392948850727137,12,10,0.45454545454545453,625546,50898,100836,25420,0.3330800073377185,0.20133696616398428,0.40313331643644656
4570,11598,KBFC_alpha_0_5_gamma_0_0_1_0_1_0_Hard,0.1731825,0.17321953,51,10,0.16393442622950818,515190,161254,45748,80508,0.333005186919367,0.6376568242301356,1.2771987073881637
7461,12320,KBFC_alpha_0_5_gamma_0_0_1_0_1_0_Medium,0.23388574,0.23391479,29,10,0.2564102564102564,573385,103059,74804,51452,0.33299894505892785,0.40752122671397795,0.8162701178557851
9871,11219,KBFC_alpha_0_5_gamma_0_0_1_0_1_0_Easy,0.2895956,0.2896471,37,12,0.24489795918367346,646943,29501,111528,14728,0.3329941893327907,0.11665188189076163,0.23366018248637688
