Index,len,Filename,p,Neg,Pos,$\frac{\text{Pos}}{\text{Neg}+\text{Pos}}$,TN,FP,FN,TP,Prec,FP/P
3012,3227,BRFC_alpha_0_5_Hard_Run_0,0.8789999999999999,0,1,1.0,684858,6423,109410,16932,0.7249839434810533,0.050838201073277293
3012,3227,BRFC_alpha_0_5_Hard_Run_0,0.8789999999999999,0,1,1.0,684858,6423,109410,16932,0.7249839434810533,0.050838201073277293
40162,41460,BRFC_alpha_0_5_Medium_Run_0,0.8899999999999999,0,4,1.0,684668,6613,117646,8696,0.568031876673852,0.05234205569011097
154917,159932,BRFC_alpha_0_5_Easy_Run_0,0.8961533744033745,1,1,0.5,684962,6319,121109,5233,0.45299515235457066,0.05001503854616834
