Index,len,Filename,min,max,Neg,Pos,$\frac{\text{Pos}}{\text{Neg}+\text{Pos}}$,TN,FP,FN,TP,Prec,Rec,FP/P
576,1411,BRFC_alpha_0_5_0_0_1_1_Hard,0.5791666666666667,0.5796666666666667,1,2,0.6666666666666666,559720,116724,48490,77766,0.39984575042418635,0.6159390444810544,0.9245025978963376
3096,15033,BRFC_alpha_0_5_0_0_1_1_Medium,0.3738571428571429,0.3738571428571429,1,2,0.6666666666666666,302072,374372,20364,105892,0.2204870654473373,0.838708655430237,2.965181852743632
55020,63485,BRFC_alpha_0_5_0_0_1_1_Easy,0.80125,0.80125,1,2,0.6666666666666666,650319,26125,110812,15444,0.3715268589573961,0.12232289950576607,0.20692085920669118
106079,106080,KBFC_alpha_0_5_gamma_0_0_0_0_1_1_Hard,0.9701,0.9710249,1,1.0,0.5,676444,0,126256.0,0.0,,0.0,0.0
111917,111918,KBFC_alpha_0_5_gamma_0_0_0_0_1_1_Medium,0.84225285,0.88974327,1,2.0,0.6666666666666666,676444,0,126256.0,0.0,,0.0,0.0
65020,65021,KBFC_alpha_0_5_gamma_0_0_0_0_1_1_Easy,0.5049188,0.5063206,1,3.0,0.75,676444,0,126256.0,0.0,,0.0,0.0
