Index,len,Filename,min,max,Neg,Pos,$\frac{\text{Pos}}{\text{Neg}+\text{Pos}}$,TN,FP,FN,TP,Prec,Rec,FP/P
434,1411,BRFC_alpha_0_5_0_0_1_1_Hard,0.509,0.5098333333333334,5,1,0.16666666666666666,490085,186359,33564,92692,0.3321686716765036,0.734159168673172,1.4760407426181725
8241,15033,BRFC_alpha_0_5_0_0_1_1_Medium,0.5961904761904762,0.5961904761904762,4,1,0.2,545905,130539,61085,65171,0.33299780287159575,0.5161814092003548,1.0339231402864022
49117,63485,BRFC_alpha_0_5_0_0_1_1_Easy,0.7356013196469853,0.7356013196469853,1,2,0.6666666666666666,623442,53002,99795,26461,0.33299774737928345,0.20958211886959827,0.4197978709922697
106079,106080,KBFC_alpha_0_5_gamma_0_0_0_0_1_1_Hard,0.9701,0.9710249,1,1.0,0.5,676444,0,126256.0,0.0,,0.0,0.0
111917,111918,KBFC_alpha_0_5_gamma_0_0_0_0_1_1_Medium,0.84225285,0.88974327,1,2.0,0.6666666666666666,676444,0,126256.0,0.0,,0.0,0.0
65020,65021,KBFC_alpha_0_5_gamma_0_0_0_0_1_1_Easy,0.5049188,0.5063206,1,3.0,0.75,676444,0,126256.0,0.0,,0.0,0.0
