Index,len,Filename,min,max,Neg,Pos,$\frac{\text{Pos}}{\text{Neg}+\text{Pos}}$,TN,FP,FN,TP,Prec,Rec,FP/P
756,1411,BRFC_alpha_0_5_0_0_1_1_Hard,0.66,0.66,4948,2310,0.31826949572885094,620080,56364,69684,56572,0.5009208755401289,0.4480737549106577,0.4464263084526676
13262,15033,BRFC_alpha_0_5_0_0_1_1_Medium,0.8199166666666666,0.8199444444444444,2,1,0.3333333333333333,656703,19741,106524,19732,0.49988599802396577,0.15628564187048535,0.1563569256114561
62050,63485,BRFC_alpha_0_5_0_0_1_1_Easy,0.9242976190476192,0.9243226773226773,7,1,0.125,673124,3320,122936,3320,0.5,0.026295780002534533,0.026295780002534533
106079,106080,KBFC_alpha_0_5_gamma_0_0_0_0_1_1_Hard,0.9701,0.9710249,1,1.0,0.5,676444,0,126256.0,0.0,,0.0,0.0
111917,111918,KBFC_alpha_0_5_gamma_0_0_0_0_1_1_Medium,0.84225285,0.88974327,1,2.0,0.6666666666666666,676444,0,126256.0,0.0,,0.0,0.0
65020,65021,KBFC_alpha_0_5_gamma_0_0_0_0_1_1_Easy,0.5049188,0.5063206,1,3.0,0.75,676444,0,126256.0,0.0,,0.0,0.0
