Index,len,Filename,min,max,Neg,Pos,$\frac{\text{Pos}}{\text{Neg}+\text{Pos}}$,TN,FP,FN,TP,Prec,Rec,FP/P
1141,1411,BRFC_alpha_0_5_0_0_1_1_Hard,0.8091666666666667,0.8095,2,1,0.3333333333333333,664955,11489,103330,22926,0.6661630103152695,0.18158344949942973,0.09099765555696362
14959,15033,BRFC_alpha_0_5_0_0_1_1_Medium,0.9612936507936506,0.961439393939394,2,1,0.3333333333333333,675745,699,124856,1400,0.6669842782277274,0.011088581928779623,0.005536370548726397
63477,63485,BRFC_alpha_0_5_0_0_1_1_Easy,0.9979411764705882,0.9979411764705882,2,1,0.3333333333333333,676307,137,126042,214,0.6096866096866097,0.0016949689519705994,0.0010850969458877202
106079,106080,KBFC_alpha_0_5_gamma_0_0_0_0_1_1_Hard,0.9701,0.9710249,1,1.0,0.5,676444,0,126256.0,0.0,,0.0,0.0
111917,111918,KBFC_alpha_0_5_gamma_0_0_0_0_1_1_Medium,0.84225285,0.88974327,1,2.0,0.6666666666666666,676444,0,126256.0,0.0,,0.0,0.0
65020,65021,KBFC_alpha_0_5_gamma_0_0_0_0_1_1_Easy,0.5049188,0.5063206,1,3.0,0.75,676444,0,126256.0,0.0,,0.0,0.0
