Index,len,Filename,min,max,Neg,Pos,$\frac{\text{Pos}}{\text{Neg}+\text{Pos}}$,TN,FP,FN,TP,Prec,Rec,FP/P
91,118,BRFC_alpha_0_5_0_1_1_0_Hard,0.76,0.7633333333333333,2273,2280,0.5007687239182956,657221,19223,93154,33102,0.6326230291447683,0.26218159929033075,0.15225415029780762
546,598,BRFC_alpha_0_5_0_1_1_0_Medium,0.84,0.8416428571428571,986,990,0.5010121457489879,663649,12795,112307,13949,0.521574932695184,0.11048187808896211,0.10134171841338234
1211,1244,BRFC_alpha_0_5_0_1_1_0_Easy,0.9198138528138528,0.9210476190476188,101,101,0.5,672861,3583,122703,3553,0.49789798206278024,0.028141236852109997,0.028378849322012418
1052,1178,KBFC_alpha_0_5_gamma_0_0_0_1_1_0_Hard,0.5213615,0.52246815,100,100,0.5,663706,12738,105312,20944,0.6218158066623122,0.16588518565454316,0.10089025472056773
1203,1249,KBFC_alpha_0_5_gamma_0_0_0_1_1_0_Medium,0.53192586,0.5335065,100,100,0.5,671871,4573,120476,5780,0.5582922824302134,0.045780002534533015,0.0362200608287923
1247,1248,KBFC_alpha_0_5_gamma_0_0_0_1_1_0_Easy,0.4681596,0.5063206,113,101,0.4719626168224299,676444,0,126256,0,,0.0,0.0
