Index,len,Filename,min,max,Neg,Pos,$\frac{\text{Pos}}{\text{Neg}+\text{Pos}}$,TN,FP,FN,TP,Prec,Rec,FP/P
106,118,BRFC_alpha_0_5_0_1_1_0_Hard,0.85,0.8599999999999999,976,1945,0.6658678534748373,671824,4620,112840,13416,0.7438456420492349,0.10626029654036244,0.03659232036497275
596,598,BRFC_alpha_0_5_0_1_1_0_Medium,0.98,0.9883333333333332,145,295,0.6704545454545454,676290,154,125921,335,0.6850715746421268,0.0026533392472436954,0.0012197440121657585
1239,1244,BRFC_alpha_0_5_0_1_1_0_Easy,0.976892857142857,0.981464285714286,100,161,0.6168582375478927,676011,433,125672,584,0.5742379547689282,0.004625522747433785,0.0034295399822582688
1126,1178,KBFC_alpha_0_5_gamma_0_0_0_1_1_0_Hard,0.6415478,0.64420575,100,199,0.6655518394648829,671344,5100,114150,12106,0.7035917703126816,0.09588455202129008,0.04039411988341148
1247,1249,KBFC_alpha_0_5_gamma_0_0_0_1_1_0_Medium,0.71564656,0.7468222,100,200,0.6666666666666666,676344,100,126055,201,0.6677740863787376,0.0015920035483462172,0.0007920415663414016
1247,1248,KBFC_alpha_0_5_gamma_0_0_0_1_1_0_Easy,0.4681596,0.5063206,113,101,0.4719626168224299,676444,0,126256,0,,0.0,0.0
