Index,len,Filename,min,max,Neg,Pos,$\frac{\text{Pos}}{\text{Neg}+\text{Pos}}$,TN,FP,FN,TP,Prec,Rec,FP/P
39,118,BRFC_alpha_0_5_0_1_1_0_Hard,0.49,0.4999999999999999,11798,1912,0.13946024799416484,484169,192275,31810,94446,0.3294003578391537,0.7480515777468002,1.52289792168293
337,598,BRFC_alpha_0_5_0_1_1_0_Medium,0.5950000000000001,0.5966666666666666,444,100,0.18382352941176472,547670,128774,61995,64261,0.3328981790866941,0.508973830946648,1.0199436066404766
983,1244,BRFC_alpha_0_5_0_1_1_0_Easy,0.7348334933894798,0.7354164008506113,257,105,0.2900552486187845,623355,53089,99766,26490,0.3328767639703942,0.20981181092383727,0.4204869471549867
464,1178,KBFC_alpha_0_5_gamma_0_0_0_1_1_0_Hard,0.1872789,0.18759258,375,100,0.21052631578947367,516573,159871,46437,79819,0.33300930368392506,0.6321996578380433,1.2662447725256623
738,1249,KBFC_alpha_0_5_gamma_0_0_0_1_1_0_Medium,0.22645466,0.22674705,314,100,0.24154589371980675,571396,105048,73830,52426,0.3329184500298462,0.4152357115701432,0.8320238246103155
1098,1248,KBFC_alpha_0_5_gamma_0_0_0_1_1_0_Easy,0.29204592,0.2923361,240,100,0.29411764705882354,646348,30096,111234,15022,0.332949155547675,0.11898048409580535,0.23837282980610822
