Index,len,Filename,min,max,Neg,Pos,$\frac{\text{Pos}}{\text{Neg}+\text{Pos}}$,TN,FP,FN,TP,Prec,Rec,FP/P
111,121,BRFC_alpha_0_5_0_0_0_1_Hard,0.87,0.8792023809523809,804,1552,0.6587436332767402,673434,3010,116953,9303,0.755542922114838,0.07368362691674059,0.023840451146876187
628,634,BRFC_alpha_0_5_0_0_0_1_Medium,0.95,0.9531666666666668,258,521,0.668806161745828,675442,1002,124337,1919,0.656966792194454,0.015199277658091497,0.007936256494740845
1242,1243,BRFC_alpha_0_5_0_0_0_1_Easy,1.0,1.0,136,211,0.6080691642651297,676444,0,126256,0,,0.0,0.0
1143,1178,KBFC_alpha_0_5_gamma_0_0_0_0_0_1_Hard,0.68869823,0.69245917,100,201,0.6677740863787376,673044,3400,117257,8999,0.7257843374465682,0.07127582055506274,0.026929413255607656
1238,1247,KBFC_alpha_0_5_gamma_0_0_0_0_0_1_Medium,0.64879215,0.6564322,100,185,0.6491228070175439,675644,800,124798,1458,0.645704162976085,0.011547966037257636,0.0063363325307312125
1246,1247,KBFC_alpha_0_5_gamma_0_0_0_0_0_1_Easy,0.46710396,0.50817347,114,100,0.4672897196261682,676444,0,126256,0,,0.0,0.0
