Index,len,Filename,min,max,Neg,Pos,$\frac{\text{Pos}}{\text{Neg}+\text{Pos}}$,TN,FP,FN,TP,Prec,Rec,FP/P
58,62,BRFC_alpha_0_5_0_0_1_0_Hard.csv,0.85,0.8691666666666665,2006,3784,0.6535405872193437,672582,3862,114331,11925,0.7553683410400963,0.09445095678621214,0.030588645292104928
108,109,BRFC_alpha_0_5_0_0_1_0_Medium.csv,0.95,1.0,1136,1983,0.6357806989419685,676444,0,126256,0,,0.0,0.0
125,126,BRFC_alpha_0_5_0_0_1_0_Easy.csv,0.9638333333333337,1.0,1000,1279,0.5612110574813515,676444,0,126256,0,,0.0,0.0
