Index,len,Filename,min,max,Neg,Pos,$\frac{\text{Pos}}{\text{Neg}+\text{Pos}}$,TN,FP,FN,TP,Prec,Rec,FP/P
22,62,BRFC_alpha_0_5_0_0_1_0_Hard.csv,0.49,0.4995,11853,1932,0.14015233949945594,483963,192481,31891,94365,0.3289744322737636,0.7474100240780636,1.5245295273095931
57,109,BRFC_alpha_0_5_0_0_1_0_Medium.csv,0.5933333333333333,0.5999999999999999,3841,1023,0.21032072368421054,549575,126869,62561,63695,0.3342446632102601,0.5044908756811557,1.0048552148016727
99,126,BRFC_alpha_0_5_0_0_1_0_Easy.csv,0.7309211233211234,0.7363878066378068,2594,1001,0.278442280945758,623837,52607,99964,26292,0.33323616268900746,0.2082435686224813,0.41666930680522113
