Index,len,Filename,min,max,Neg,Pos,$\frac{\text{Pos}}{\text{Neg}+\text{Pos}}$,TN,FP,FN,TP,Prec,Rec,FP/P
95,114,BRFC_alpha_0_5_1_1_0_0_Hard,0.79,0.7923809523809524,1727,2206,0.5608949911009408,663684,12760,100641,25615,0.6674918566775244,0.20288144721835003,0.10106450386516284
562,566,BRFC_alpha_0_5_1_1_0_0_Medium,0.96,0.9698809523809524,238,482,0.6694444444444444,675949,495,125264,992,0.6671149966375253,0.007857052338106704,0.003920605753389938
1240,1242,BRFC_alpha_0_5_1_1_0_0_Easy,0.990625,0.9991666666666668,100,119,0.54337899543379,676324,120,126045,211,0.6374622356495468,0.0016712077049803574,0.0009504498796096819
1102,1179,KBFC_alpha_0_5_gamma_0_0_1_1_0_0_Hard,0.60142547,0.6030593,100,117,0.5391705069124424,668838,7606,110989,15267,0.6674681939404538,0.12092098593334179,0.060242681535927003
1242,1248,KBFC_alpha_0_5_gamma_0_0_1_1_0_0_Medium,0.6602189,0.66941816,100,168,0.6268656716417911,675944,500,125250,1006,0.6679946879150066,0.0079679381573945,0.003960207831707008
1244,1249,KBFC_alpha_0_5_gamma_0_0_1_1_0_0_Easy,0.42491508,0.4316914,175,100,0.36363636363636365,675883,561,125855,401,0.41683991683991684,0.0031760866810290203,0.004443353187175263
