Index,len,Filename,min,max,Neg,Pos,$\frac{\text{Pos}}{\text{Neg}+\text{Pos}}$,TN,FP,FN,TP,Prec,Rec,FP/P
650,1301,BRFC_alpha_0_5_1_0_1_0_Hard,0.629,0.629,1,1,0.5,601573,74871,60324,65932,0.46825706838632697,0.5222088455202128,0.5930094411354708
10241,13589,BRFC_alpha_0_5_1_0_1_0_Medium,0.7223571428571428,0.7223690476190475,1,1,0.5,624730,51714,88874,37382,0.4195699021280417,0.29608097832974273,0.40959637561779244
57438,63587,BRFC_alpha_0_5_1_0_1_0_Easy,0.8323678091344499,0.8323678091344499,3,3,0.5,658972,17472,114706,11550,0.3979739507959479,0.09148080091243188,0.13838550247116968
105782,105783,KBFC_alpha_0_5_gamma_0_0_1_0_1_0_Hard,0.9565614,0.9649659,2,1.0,0.3333333333333333,676444,0,126256.0,0.0,,0.0,0.0
112331,112332,KBFC_alpha_0_5_gamma_0_0_1_0_1_0_Medium,0.8506545,0.90622103,1,6.0,0.8571428571428571,676444,0,126256.0,0.0,,0.0,0.0
65129,65130,KBFC_alpha_0_5_gamma_0_0_1_0_1_0_Easy,0.49847233,0.52140087,6,6.0,0.5,676444,0,126256.0,0.0,,0.0,0.0
