Index,len,Filename,min,max,Neg,Pos,$\frac{\text{Pos}}{\text{Neg}+\text{Pos}}$,TN,FP,FN,TP,Prec,Rec,FP/P
392,1301,BRFC_alpha_0_5_1_0_1_0_Hard,0.4985,0.499,3,1,0.25,484175,192269,31803,94453,0.32942362288209487,0.7481070206564441,1.5228503991889495
7590,13589,BRFC_alpha_0_5_1_0_1_0_Medium,0.5965555555555556,0.5965833333333334,3,1,0.25,547595,128849,61979,64277,0.3328241666062571,0.5091005575972627,1.0205376378152324
49706,63587,BRFC_alpha_0_5_1_0_1_0_Easy,0.7391935661461672,0.7391935661461672,8,1,0.1111111111111111,625498,50946,100823,25433,0.33298419722698647,0.20143993156760867,0.4035134963882905
105782,105783,KBFC_alpha_0_5_gamma_0_0_1_0_1_0_Hard,0.9565614,0.9649659,2,1.0,0.3333333333333333,676444,0,126256.0,0.0,,0.0,0.0
112331,112332,KBFC_alpha_0_5_gamma_0_0_1_0_1_0_Medium,0.8506545,0.90622103,1,6.0,0.8571428571428571,676444,0,126256.0,0.0,,0.0,0.0
65129,65130,KBFC_alpha_0_5_gamma_0_0_1_0_1_0_Easy,0.49847233,0.52140087,6,6.0,0.5,676444,0,126256.0,0.0,,0.0,0.0
