Index,len,Filename,min,max,Neg,Pos,$\frac{\text{Pos}}{\text{Neg}+\text{Pos}}$,TN,FP,FN,TP,Prec,Rec,FP/P
53,62,BRFC_alpha_0_5_1_1_1_1_Hard.csv,0.8,0.8096666666666666,1824,2148,0.540785498489426,665145,11299,103606,22650,0.6671772364428996,0.17939741477632745,0.08949277658091497
110,112,BRFC_alpha_0_5_1_1_1_1_Medium.csv,0.935,0.9571626984126982,1001,1481,0.5966962127316681,675444,1000,124290,1966,0.6628455832771409,0.015571537194271956,0.007920415663414017
124,126,BRFC_alpha_0_5_1_1_1_1_Easy.csv,0.9410833333333334,0.962452380952381,1138,1000,0.4677268475210477,675444,1000,124964,1292,0.5636998254799301,0.010233177037130909,0.007920415663414017
