Index,len,Filename,min,max,Neg,Pos,$\frac{\text{Pos}}{\text{Neg}+\text{Pos}}$,TN,FP,FN,TP,Prec,Rec,FP/P
39,62,BRFC_alpha_0_5_1_1_1_1_Hard.csv,0.66,0.6693333333333333,5230,2457,0.3196305450761025,620687,55757,70208,56048,0.5013013729260767,0.4439234571030288,0.4416186161449753
98,112,BRFC_alpha_0_5_1_1_1_1_Medium.csv,0.81,0.8199999999999998,2662,1858,0.41106194690265485,657024,19420,106456,19800,0.5048444671086181,0.15682423013559751,0.1538144721835002
122,126,BRFC_alpha_0_5_1_1_1_1_Easy.csv,0.9092012987012988,0.9237056277056276,1310,1001,0.43314582431847687,672976,3468,122964,3292,0.48698224852071004,0.026074008363958942,0.027468001520719806
