Index,len,Filename,p,Neg,Pos,$\frac{\text{Pos}}{\text{Neg}+\text{Pos}}$,TN,FP,FN,TP,Prec,FP/P
3194,3590,BRFC_alpha_0_5_1_0_1_1_Hard.csv,0.84,1099,1700,0.6073597713469097,670533,5911,111498,14758,0.7140161594658667,0.04681757698644025
43764,45202,BRFC_alpha_0_5_1_0_1_1_Medium.csv,0.8893095238095238,1,1,0.5,670131,6313,117746,8510,0.5741078054374957,0.05000158408313268
159224,164589,BRFC_alpha_0_5_1_0_1_1_Easy.csv,0.8954523809523812,0,1,1.0,670131,6313,120845,5411,0.4615319003752985,0.05000158408313268
