Index,len,Filename,min,max,Neg,Pos,$\frac{\text{Pos}}{\text{Neg}+\text{Pos}}$,TN,FP,FN,TP,Prec,Rec,FP/P
61,64,BRFC_alpha_0_5_1_0_1_1_Hard.csv,0.87,0.8891666666666667,1496,3107,0.6749945687595047,674112,2332,118218,8038,0.7751205400192864,0.06366430110252186,0.018470409327081484
113,114,BRFC_alpha_0_5_1_0_1_1_Medium.csv,0.9593333333333331,1.0,1000,1803,0.6432393863717446,676444,0,126256,0,,0.0,0.0
125,126,BRFC_alpha_0_5_1_0_1_1_Easy.csv,0.9624880952380952,1.0,1000,1292,0.5636998254799301,676444,0,126256,0,,0.0,0.0
115,119,KBFC_alpha_0_5_gamma_0_0_1_0_1_1_Hard.csv,0.68153286,0.71631795,1001,1978,0.6639812017455522,673444,3000,118113,8143,0.7307726824015077,0.06449594474718033,0.023761246990242048
124,125,KBFC_alpha_0_5_gamma_0_0_1_0_1_1_Medium.csv,0.64628744,0.90954477,1000,1627,0.6193376475066615,676444,0,126256,0,,0.0,0.0
126,127,KBFC_alpha_0_5_gamma_0_0_1_0_1_1_Easy.csv,0.40323353,0.52140087,1506,1002,0.39952153110047844,676444,0,126256,0,,0.0,0.0
