Index,len,Filename,min,max,Neg,Pos,$\frac{\text{Pos}}{\text{Neg}+\text{Pos}}$,TN,FP,FN,TP,Prec,Rec,FP/P
40,64,BRFC_alpha_0_5_1_0_1_1_Hard.csv,0.66,0.6696666666666665,5266,2454,0.31787564766839377,620803,55641,69972,56284,0.5028724592360956,0.4457926751995945,0.44069984792801925
100,114,BRFC_alpha_0_5_1_0_1_1_Medium.csv,0.81,0.8199999999999998,2740,1820,0.3991228070175439,656868,19576,106453,19803,0.5028822468828563,0.15684799138258776,0.1550500570269928
122,126,BRFC_alpha_0_5_1_0_1_1_Easy.csv,0.9092012987012988,0.9237056277056276,1310,1001,0.43314582431847687,672976,3468,122964,3292,0.48698224852071004,0.026074008363958942,0.027468001520719806
87,119,KBFC_alpha_0_5_gamma_0_0_1_0_1_1_Hard.csv,0.37321058,0.37937003,1876,1000,0.3477051460361613,637460,38984,87129,39127,0.5009153640332348,0.30990210366240023,0.308769484222532
111,125,KBFC_alpha_0_5_gamma_0_0_1_0_1_1_Medium.csv,0.42852706,0.43847883,1521,1000,0.3966679888932963,662171,14273,111973,14283,0.5001750945510576,0.1131272969205424,0.11304809276390825
125,127,KBFC_alpha_0_5_gamma_0_0_1_0_1_1_Easy.csv,0.37949792,0.40322435,1628,1000,0.380517503805175,674938,1506,125254,1002,0.39952153110047844,0.007936256494740845,0.011928145989101508
