Index,len,Filename,min,max,Neg,Pos,$\frac{\text{Pos}}{\text{Neg}+\text{Pos}}$,TN,FP,FN,TP,Prec,Rec,FP/P
54,64,BRFC_alpha_0_5_1_0_1_1_Hard.csv,0.8,0.8096428571428572,1847,2204,0.544063194273019,665036,11408,103539,22717,0.6656996336996337,0.1799280826257762,0.0903561018882271
112,114,BRFC_alpha_0_5_1_0_1_1_Medium.csv,0.935,0.9592857142857142,1024,1583,0.607211354046797,675444,1000,124453,1803,0.6432393863717446,0.01428050944113547,0.007920415663414017
124,126,BRFC_alpha_0_5_1_0_1_1_Easy.csv,0.9410833333333334,0.962452380952381,1138,1000,0.4677268475210477,675444,1000,124964,1292,0.5636998254799301,0.010233177037130909,0.007920415663414017
110,119,KBFC_alpha_0_5_gamma_0_0_1_0_1_1_Hard.csv,0.57707477,0.5928547,1000,1207,0.5468962392387857,668443,8001,110525,15731,0.6628602730490477,0.12459605880116588,0.06337124572297555
123,125,KBFC_alpha_0_5_gamma_0_0_1_0_1_1_Medium.csv,0.6013944,0.64626235,1000,1361,0.5764506565014824,675444,1000,124629,1627,0.6193376475066615,0.012886516284374604,0.007920415663414017
125,127,KBFC_alpha_0_5_gamma_0_0_1_0_1_1_Easy.csv,0.37949792,0.40322435,1628,1000,0.380517503805175,674938,1506,125254,1002,0.39952153110047844,0.007936256494740845,0.011928145989101508
