Index,len,Filename,min,max,Neg,Pos,$\frac{\text{Pos}}{\text{Neg}+\text{Pos}}$,TN,FP,FN,TP,Prec,Rec,FP/P
24,64,BRFC_alpha_0_5_1_0_1_1_Hard.csv,0.5,0.5099999999999999,11475,1986,0.14753733006463116,489687,186757,33482,92774,0.33189163277060507,0.734808642757572,1.4791930680522114
57,114,BRFC_alpha_0_5_1_0_1_1_Medium.csv,0.59,0.5932857142857142,3731,1027,0.21584699453551912,543767,132677,60483,65773,0.33143361048122955,0.5209494994297301,1.0508569889747814
100,126,BRFC_alpha_0_5_1_0_1_1_Easy.csv,0.7343610574447362,0.7400425685425688,2690,1000,0.27100271002710025,625856,50588,100952,25304,0.33342117746271016,0.20041819794702825,0.40067798758078826
46,119,KBFC_alpha_0_5_gamma_0_0_1_0_1_1_Hard.csv,0.18768217,0.19126561,4497,1000,0.18191740949608878,514989,161455,46128,80128,0.3316789674770162,0.6346470662780382,1.27879071093651
73,125,KBFC_alpha_0_5_gamma_0_0_1_0_1_1_Medium.csv,0.22820525,0.23133418,3458,1000,0.2243158366980709,571374,105070,73972,52284,0.332269913697777,0.4141110125459384,0.8321980737549106
111,127,KBFC_alpha_0_5_gamma_0_0_1_0_1_1_Easy.csv,0.28550005,0.28863263,2293,1000,0.30367446097783174,646259,30185,111239,15017,0.33221981328259814,0.11894088201748827,0.23907774680015206
