Index,len,Filename,min,max,Neg,Pos,$\frac{\text{Pos}}{\text{Neg}+\text{Pos}}$,TN,FP,FN,TP,Prec,Rec,FP/P
59,62,BRFC_alpha_0_5_0_0_0_1_Hard.csv,0.87,0.8894999999999998,1496,3005,0.6676294156854032,674126,2318,118406,7850,0.772029897718332,0.06217526295780003,0.018359523507793688
110,111,BRFC_alpha_0_5_0_0_0_1_Medium.csv,0.9533333333333333,1.0,1002,1919,0.656966792194454,676444,0,126256,0,,0.0,0.0
125,126,BRFC_alpha_0_5_0_0_0_1_Easy.csv,0.963595238095238,1.0,1002,1241,0.5532768613464111,676444,0,126256,0,,0.0,0.0
