Index,len,Filename,min,max,Neg,Pos,$\frac{\text{Pos}}{\text{Neg}+\text{Pos}}$,TN,FP,FN,TP,Prec,Rec,FP/P
53,62,BRFC_alpha_0_5_0_0_0_1_Hard.csv,0.8,0.8098333333333333,1797,2253,0.5562962962962963,665040,11404,103883,22373,0.6623738046599758,0.1772034596375618,0.09032442022557344
109,111,BRFC_alpha_0_5_0_0_0_1_Medium.csv,0.93,0.9531666666666668,1324,2097,0.6129786612101724,675442,1002,124337,1919,0.656966792194454,0.015199277658091497,0.007936256494740845
124,126,BRFC_alpha_0_5_0_0_0_1_Easy.csv,0.9433333333333336,0.9635833333333332,1037,1002,0.491417361451692,675442,1002,125015,1241,0.5532768613464111,0.009829235838296793,0.007936256494740845
