Index,len,Filename,min,max,Neg,Pos,$\frac{\text{Pos}}{\text{Neg}+\text{Pos}}$,TN,FP,FN,TP,Prec,Rec,FP/P
39,62,BRFC_alpha_0_5_0_0_0_1_Hard.csv,0.66,0.6692857142857143,5168,2424,0.3192834562697576,620855,55589,70497,55759,0.5007633724898516,0.4416344569763021,0.44028798631352173
96,111,BRFC_alpha_0_5_0_0_0_1_Medium.csv,0.8,0.8099999999999998,2939,1884,0.39062823968484345,654695,21749,104553,21703,0.4994706802908957,0.17189678114307438,0.17226112026359144
122,126,BRFC_alpha_0_5_0_0_0_1_Easy.csv,0.9103571428571428,0.9258769841269838,1307,1000,0.43346337234503685,673187,3257,123013,3243,0.4989230769230769,0.025685907996451655,0.02579679381573945
