Index,len,Filename,min,max,Neg,Pos,$\frac{\text{Pos}}{\text{Neg}+\text{Pos}}$,TN,FP,FN,TP,Prec,Rec,FP/P
1423,1424,BRFC_alpha_0_5_0_0_0_1_Hard,1.0,1.0,6,143.0,0.959731543624161,676444,0,126256.0,0.0,,0.0,0.0
8265,13629,BRFC_alpha_0_5_0_0_0_1_Medium,0.6308571428571428,0.6308809523809523,1,1,0.5,572622,103822,68608,57648,0.3570198798538428,0.4565961221644912,0.82231339500697
32609,63574,BRFC_alpha_0_5_0_0_0_1_Easy,0.5772619047619049,0.5772658730158731,2,2,0.5,498599,177845,65980,60276,0.25313181113803485,0.47741097452794323,1.4086063236598656
105644,105645,KBFC_alpha_0_5_gamma_0_0_0_0_0_1_Hard,0.96840715,0.9761802,1,1.0,0.5,676444,0,126256.0,0.0,,0.0,0.0
111897,111898,KBFC_alpha_0_5_gamma_0_0_0_0_0_1_Medium,0.8524785,0.88391745,1,2.0,0.6666666666666666,676444,0,126256.0,0.0,,0.0,0.0
65081,65082,KBFC_alpha_0_5_gamma_0_0_0_0_0_1_Easy,0.5078636,0.50817347,1,3.0,0.75,676444,0,126256.0,0.0,,0.0,0.0
