Index,len,Filename,min,max,Neg,Pos,$\frac{\text{Pos}}{\text{Neg}+\text{Pos}}$,TN,FP,FN,TP,Prec,Rec,FP/P
1423,1424,BRFC_alpha_0_5_0_0_0_1_Hard,1.0,1.0,6,143.0,0.959731543624161,676444,0,126256.0,0.0,,0.0,0.0
11852,13629,BRFC_alpha_0_5_0_0_0_1_Medium,0.8099999999999998,0.8099999999999998,10,1,0.09090909090909091,654695,21749,104553,21703,0.4994706802908957,0.17189678114307438,0.17226112026359144
62180,63574,BRFC_alpha_0_5_0_0_0_1_Easy,0.9262976190476192,0.9262976190476192,2,1,0.3333333333333333,673211,3233,123024,3232,0.499922660479505,0.0255987834241541,0.025606703839817512
105644,105645,KBFC_alpha_0_5_gamma_0_0_0_0_0_1_Hard,0.96840715,0.9761802,1,1.0,0.5,676444,0,126256.0,0.0,,0.0,0.0
111897,111898,KBFC_alpha_0_5_gamma_0_0_0_0_0_1_Medium,0.8524785,0.88391745,1,2.0,0.6666666666666666,676444,0,126256.0,0.0,,0.0,0.0
65081,65082,KBFC_alpha_0_5_gamma_0_0_0_0_0_1_Easy,0.5078636,0.50817347,1,3.0,0.75,676444,0,126256.0,0.0,,0.0,0.0
