Index,len,Filename,min,max,Neg,Pos,$\frac{\text{Pos}}{\text{Neg}+\text{Pos}}$,TN,FP,FN,TP,Prec,Rec,FP/P
1423,1424,BRFC_alpha_0_5_0_0_0_1_Hard,1.0,1.0,6,143.0,0.959731543624161,676444,0,126256.0,0.0,,0.0,0.0
7435,13629,BRFC_alpha_0_5_0_0_0_1_Medium,0.5954999999999999,0.5956190476190476,38,2,0.05,545909,130535,61079,65177,0.3330250572269457,0.5162289316943354,1.0338914586237486
49369,63574,BRFC_alpha_0_5_0_0_0_1_Easy,0.7366228442358395,0.7366228442358395,14,5,0.2631578947368421,623919,52525,100032,26224,0.33300740326861294,0.20770498035736915,0.4160198327208212
105644,105645,KBFC_alpha_0_5_gamma_0_0_0_0_0_1_Hard,0.96840715,0.9761802,1,1.0,0.5,676444,0,126256.0,0.0,,0.0,0.0
111897,111898,KBFC_alpha_0_5_gamma_0_0_0_0_0_1_Medium,0.8524785,0.88391745,1,2.0,0.6666666666666666,676444,0,126256.0,0.0,,0.0,0.0
65081,65082,KBFC_alpha_0_5_gamma_0_0_0_0_0_1_Easy,0.5078636,0.50817347,1,3.0,0.75,676444,0,126256.0,0.0,,0.0,0.0
