Index,len,Filename,p,Neg,Pos,$\frac{\text{Pos}}{\text{Neg}+\text{Pos}}$,TN,FP,FN,TP,Prec,FP/P
3021,3389,BRFC_alpha_0_5_1_1_0_1_Hard.csv,0.8391666666666667,1,2,0.6666666666666666,669633,6811,110049,16207,0.7041011382396385,0.05394595108351286
39989,41436,BRFC_alpha_0_5_1_1_0_1_Medium.csv,0.885,120,152,0.5588235294117647,670186,6258,117723,8533,0.5769048745858968,0.04956596122164491
159037,164451,BRFC_alpha_0_5_1_1_0_1_Easy.csv,0.8946782396347613,0,1,1.0,670131,6313,120779,5477,0.4645462256149279,0.05000158408313268
