Index,len,Filename,min,max,Neg,Pos,$\frac{\text{Pos}}{\text{Neg}+\text{Pos}}$,TN,FP,FN,TP,Prec,Rec,FP/P
59,62,BRFC_alpha_0_5_1_1_0_1_Hard.csv,0.86,0.879090909090909,1702,3250,0.6563004846526656,673545,2899,116994,9262,0.7616149987665488,0.07335888987454062,0.022961285008237232
111,112,BRFC_alpha_0_5_1_1_0_1_Medium.csv,0.9541666666666668,1.0,1000,1886,0.6534996534996536,676444,0,126256,0,,0.0,0.0
125,126,BRFC_alpha_0_5_1_1_0_1_Easy.csv,0.9628571428571427,1.0,1001,1283,0.5617338003502627,676444,0,126256,0,,0.0,0.0
