Index,len,Filename,min,max,Neg,Pos,$\frac{\text{Pos}}{\text{Neg}+\text{Pos}}$,TN,FP,FN,TP,Prec,Rec,FP/P
39,62,BRFC_alpha_0_5_1_1_0_1_Hard.csv,0.66,0.6698333333333332,5193,2506,0.3254968177685414,620953,55491,70395,55861,0.5016613980889432,0.4424423393739704,0.4395117855785072
97,112,BRFC_alpha_0_5_1_1_0_1_Medium.csv,0.8,0.8099999999999998,2905,1922,0.39817692148332295,654723,21721,104735,21521,0.49768743351371353,0.17045526549233303,0.17203934862501585
122,126,BRFC_alpha_0_5_1_1_0_1_Easy.csv,0.9099175020885544,0.9244945887445888,1292,1000,0.4363001745200698,673059,3385,122973,3283,0.4923515296940612,0.026002724622988214,0.026810607020656445
