Index,len,Filename,min,max,Neg,Pos,$\frac{\text{Pos}}{\text{Neg}+\text{Pos}}$,TN,FP,FN,TP,Prec,Rec,FP/P
53,62,BRFC_alpha_0_5_1_1_0_1_Hard.csv,0.8,0.8098809523809524,1787,2217,0.5536963036963037,665184,11260,103769,22487,0.6663407117669718,0.17810638702319098,0.08918388037004182
110,112,BRFC_alpha_0_5_1_1_0_1_Medium.csv,0.9325,0.9541666666666666,1000,1424,0.5874587458745875,675444,1000,124370,1886,0.6534996534996536,0.014937903941198835,0.007920415663414017
124,126,BRFC_alpha_0_5_1_1_0_1_Easy.csv,0.9416497113997114,0.9628246753246752,1154,1000,0.46425255338904364,675443,1001,124973,1283,0.5617338003502627,0.010161893296160183,0.00792833607907743
