Index,len,Filename,min,max,Neg,Pos,$\frac{\text{Pos}}{\text{Neg}+\text{Pos}}$,TN,FP,FN,TP,Prec,Rec,FP/P
39,117,BRFC_alpha_0_5_0_0_1_0_Hard,0.49,0.4995,11853,1932,0.14015233949945594,483963,192481,31891,94365,0.3289744322737636,0.7474100240780636,1.5245295273095931
334,592,BRFC_alpha_0_5_0_0_1_0_Medium,0.5954761904761905,0.5966666666666666,363,100,0.2159827213822894,547958,128486,62134,64122,0.33291452068449906,0.5078728931694335,1.0176625269294133
983,1244,BRFC_alpha_0_5_0_0_1_0_Easy,0.7348334933894798,0.7354164008506113,257,105,0.2900552486187845,623355,53089,99766,26490,0.3328767639703942,0.20981181092383727,0.4204869471549867
462,1177,KBFC_alpha_0_5_gamma_0_0_0_0_1_0_Hard,0.18113403,0.18147221,428,100,0.1893939393939394,516127,160317,46241,80015,0.33293527287252633,0.6337520593080724,1.2697772779115448
741,1249,KBFC_alpha_0_5_gamma_0_0_0_0_1_0_Medium,0.22928126,0.22953913,329,100,0.2331002331002331,572177,104267,74212,52044,0.3329516156892349,0.41221011278671904,0.8258379799771892
1098,1248,KBFC_alpha_0_5_gamma_0_0_0_0_1_0_Easy,0.29204592,0.2923361,240,100,0.29411764705882354,646348,30096,111234,15022,0.332949155547675,0.11898048409580535,0.23837282980610822
