Index,len,Filename,min,max,Neg,Pos,$\frac{\text{Pos}}{\text{Neg}+\text{Pos}}$,TN,FP,FN,TP,Prec,Rec,FP/P
135,424,BRFC_alpha_0_5_0_1_1_1_Hard,0.5075,0.5099999999999999,76,14,0.15555555555555556,489622,186822,33584,92672,0.33157062405633037,0.7340007603599037,1.4797078950703333
1820,3327,BRFC_alpha_0_5_0_1_1_1_Medium,0.5966666666666667,0.5968095238095238,481,131,0.21405228758169934,546441,130003,61357,64899,0.33298272978214694,0.5140270561399062,1.0296777974908122
8754,11146,BRFC_alpha_0_5_0_1_1_1_Easy,0.7355578261607674,0.7356062271062271,13,10,0.43478260869565216,623443,53001,99795,26461,0.33300193803327377,0.20958211886959827,0.4197899505766063
4669,11611,KBFC_alpha_0_5_gamma_0_0_0_1_1_1_Hard,0.18780577,0.1878306,37,10,0.2127659574468085,517146,159298,46725,79531,0.3330039484317231,0.6299185781269802,1.261706374350526
7358,12305,KBFC_alpha_0_5_gamma_0_0_0_1_1_1_Medium,0.22404157,0.22407874,44,10,0.18518518518518517,571374,105070,73801,52455,0.33299476273607365,0.4154654036243822,0.8321980737549106
9842,11220,KBFC_alpha_0_5_gamma_0_0_0_1_1_1_Easy,0.29227117,0.29230425,32,11,0.2558139534883721,646331,30113,111222,15034,0.33300108534343364,0.11907552908376631,0.23850747687238627
