Index,len,Filename,p,Neg,Pos,$\frac{\text{Pos}}{\text{Neg}+\text{Pos}}$,TN,FP,FN,TP,Prec,FP/P
2621,2966,BRFC_alpha_0_5_0_0_0_1_0_Hard.csv,0.8398333333333334,1,0,0.0,669885,6559,109388,16868,0.7200239040423443,0.05195000633633253
34290,35663,BRFC_alpha_0_5_0_0_0_1_0_Medium.csv,0.88,628,840,0.5722070844686649,670413,6031,118278,7978,0.5694910414733386,0.04776802686604993
158888,164232,BRFC_alpha_0_5_0_0_0_1_0_Easy.csv,0.8955714285714287,1,0,0.0,670131,6313,120868,5388,0.4604734638065123,0.05000158408313268
