Index,len,Filename,min,max,Neg,Pos,$\frac{\text{Pos}}{\text{Neg}+\text{Pos}}$,TN,FP,FN,TP,Prec,Rec,FP/P
59,63,BRFC_alpha_0_5_0_0_0_1_0_Hard.csv,0.85,0.8690000000000001,1847,3655,0.6643038894947292,672860,3584,114998,11258,0.7585231100929793,0.089168039538715,0.028386769737675833
108,109,BRFC_alpha_0_5_0_0_0_1_0_Medium.csv,0.95,1.0,1076,1957,0.6452357401912298,676444,0,126256,0,,0.0,0.0
125,126,BRFC_alpha_0_5_0_0_0_1_0_Easy.csv,0.963595238095238,1.0,1002,1241,0.5532768613464111,676444,0,126256,0,,0.0,0.0
