Index,len,Filename,min,max,Neg,Pos,$\frac{\text{Pos}}{\text{Neg}+\text{Pos}}$,TN,FP,FN,TP,Prec,Rec,FP/P
351,374,BRFC_alpha_0_5_1_1_1_0_Hard,0.875,0.8766666666666666,15,30,0.6666666666666666,673454,2990,116343,9913,0.768270944741533,0.07851508047142314,0.02368204283360791
2996,3023,BRFC_alpha_0_5_1_1_1_0_Medium,0.95,0.9513333333333333,235,472,0.6676096181046676,675490,954,124599,1657,0.6346227499042513,0.013124128754277025,0.007556076542896971
11072,11099,BRFC_alpha_0_5_1_1_1_0_Easy,0.9779166666666668,0.9784166666666668,10,20,0.6666666666666666,675965,479,125554,702,0.594411515664691,0.0055601317957166396,0.0037938791027753134
11006,11627,KBFC_alpha_0_5_gamma_0_0_1_1_1_0_Hard,0.61275077,0.6130394,10,20,0.6666666666666666,670165,6279,112721,13535,0.6831028565660644,0.10720282600430871,0.04973228995057661
10788,12320,KBFC_alpha_0_5_gamma_0_0_1_1_1_0_Medium,0.3913274,0.39140135,10,20,0.6666666666666666,656917,19527,108384,17872,0.47787373993957055,0.1415536687365353,0.15466195665948548
7326,11219,KBFC_alpha_0_5_gamma_0_0_1_1_1_0_Easy,0.21637851,0.21638793,11,22,0.6666666666666666,564183,112261,83505,42751,0.2757915516218099,0.3386056900266126,0.8891537827905208
