Index,len,Filename,min,max,Neg,Pos,$\frac{\text{Pos}}{\text{Neg}+\text{Pos}}$,TN,FP,FN,TP,Prec,Rec,FP/P
117,374,BRFC_alpha_0_5_1_1_1_0_Hard,0.4975,0.4999999999999999,67,11,0.14102564102564102,483948,192496,31784,94472,0.3292074377630955,0.7482575085540489,1.5246483335445444
1681,3023,BRFC_alpha_0_5_1_1_1_0_Medium,0.598,0.5982857142857143,108,15,0.12195121951219512,548670,127774,62462,63794,0.33300968846571455,0.5052749968318337,1.0120231909770625
8809,11099,BRFC_alpha_0_5_1_1_1_0_Easy,0.7392441304350812,0.7392948850727137,12,10,0.45454545454545453,625546,50898,100836,25420,0.3330800073377185,0.20133696616398428,0.40313331643644656
4622,11627,KBFC_alpha_0_5_gamma_0_0_1_1_1_0_Hard,0.1749295,0.17495382,30,10,0.25,516195,160249,46256,80000,0.332987858430212,0.6336332530731212,1.2692386896464327
7369,12320,KBFC_alpha_0_5_gamma_0_0_1_1_1_0_Medium,0.21750928,0.2175374,25,10,0.2857142857142857,571565,104879,73896,52360,0.33299626682947614,0.4147129641363579,0.8306852743631986
9871,11219,KBFC_alpha_0_5_gamma_0_0_1_1_1_0_Easy,0.2895956,0.2896471,37,12,0.24489795918367346,646943,29501,111528,14728,0.3329941893327907,0.11665188189076163,0.23366018248637688
