Index,len,Filename,min,max,Neg,Pos,$\frac{\text{Pos}}{\text{Neg}+\text{Pos}}$,TN,FP,FN,TP,Prec,Rec,FP/P
363,412,BRFC_alpha_0_5_0_0_0_1_Hard,0.8333333333333333,0.8345,12,24,0.6666666666666666,669447,6997,109979,16277,0.6993640972759302,0.12892060575338993,0.05541914839690787
3126,3167,BRFC_alpha_0_5_0_0_0_1_Medium,0.94,0.9404761904761904,280,544,0.6601941747572816,674998,1446,123624,2632,0.6454144188327612,0.02084653402610569,0.011452921049296667
11141,11147,BRFC_alpha_0_5_0_0_0_1_Easy,0.9933888888888888,0.9948888888888888,10,20,0.6666666666666666,676241,203,125985,271,0.5717299578059072,0.0021464326447851985,0.0016078443796730452
10870,11604,KBFC_alpha_0_5_gamma_0_0_0_0_0_1_Hard,0.59115607,0.5914144,10,20,0.6666666666666666,668988,7456,111050,15206,0.6709910864001412,0.12043784057787353,0.0590546191864149
12018,12301,KBFC_alpha_0_5_gamma_0_0_0_0_0_1_Medium,0.57139325,0.57183623,10,20,0.6666666666666666,673446,2998,122016,4240,0.5857971815418624,0.033582562412875425,0.02374540615891522
11179,11185,KBFC_alpha_0_5_gamma_0_0_0_0_0_1_Easy,0.47096086,0.47445267,10,20,0.6666666666666666,676376,68,126205,51,0.42857142857142855,0.0004039411988341148,0.000538588265112153
