Index,len,Filename,min,max,Neg,Pos,$\frac{\text{Pos}}{\text{Neg}+\text{Pos}}$,TN,FP,FN,TP,Prec,Rec,FP/P
346,412,BRFC_alpha_0_5_0_0_0_1_Hard,0.8075,0.8098333333333333,16,14,0.4666666666666667,665040,11404,103883,22373,0.6623738046599758,0.1772034596375618,0.09032442022557344
3146,3167,BRFC_alpha_0_5_0_0_0_1_Medium,0.9586428571428572,0.9596666666666668,10,10,0.5,675547,897,124456,1800,0.6674082313681868,0.014256748194145229,0.007104612850082372
11145,11147,BRFC_alpha_0_5_0_0_0_1_Easy,0.9983333333333332,0.999090909090909,11,12,0.5217391304347826,676308,136,126045,211,0.6080691642651297,0.0016712077049803574,0.001077176530224306
10829,11604,KBFC_alpha_0_5_gamma_0_0_0_0_0_1_Hard,0.5833018,0.58349556,12,10,0.45454545454545453,668554,7890,110448,15808,0.6670605114355642,0.12520593080724876,0.062492079584336585
12260,12301,KBFC_alpha_0_5_gamma_0_0_0_0_0_1_Medium,0.68977016,0.6905719,10,12,0.5454545454545454,676041,403,125447,809,0.6674917491749175,0.006407616271701939,0.0031919275123558485
11181,11185,KBFC_alpha_0_5_gamma_0_0_0_0_0_1_Easy,0.47715938,0.48282292,23,10,0.30303030303030304,676411,33,126225,31,0.484375,0.0002455328855658345,0.00026137371689266255
