Index,len,Filename,min,max,Neg,Pos,$\frac{\text{Pos}}{\text{Neg}+\text{Pos}}$,TN,FP,FN,TP,Prec,Rec,FP/P
50,62,BRFC_alpha_0_5_0_0_0_0_Hard.csv,0.77,0.7791666666666669,2230,2258,0.5031194295900179,659291,17153,95279,30977,0.6436110533970496,0.24535071600557598,0.13585888987454062
103,109,BRFC_alpha_0_5_0_0_0_0_Medium.csv,0.88,0.8891428571428571,1235,1319,0.5164447924823806,671020,5424,118757,7499,0.5802832159715237,0.05939519705994171,0.04296033455835762
124,126,BRFC_alpha_0_5_0_0_0_0_Easy.csv,0.9433333333333336,0.9635833333333332,1037,1002,0.491417361451692,675442,1002,125015,1241,0.5532768613464111,0.009829235838296793,0.007936256494740845
