Index,len,Filename,min,max,Neg,Pos,$\frac{\text{Pos}}{\text{Neg}+\text{Pos}}$,TN,FP,FN,TP,Prec,Rec,FP/P
50,62,BRFC_alpha_0_5_0_0_0_0_Hard.csv,0.77,0.7791666666666669,2230,2258,0.5031194295900179,659291,17153,95279,30977,0.6436110533970496,0.24535071600557598,0.13585888987454062
103,109,BRFC_alpha_0_5_0_0_0_0_Medium.csv,0.88,0.8891428571428571,1235,1319,0.5164447924823806,671020,5424,118757,7499,0.5802832159715237,0.05939519705994171,0.04296033455835762
124,126,BRFC_alpha_0_5_0_0_0_0_Easy.csv,0.9433333333333336,0.9635833333333332,1037,1002,0.491417361451692,675442,1002,125015,1241,0.5532768613464111,0.009829235838296793,0.007936256494740845
103,118,KBFC_alpha_0_5_gamma_0_0_0_0_0_0_Hard.csv,0.5005358,0.5102988,1000,1001,0.5002498750624688,662295,14149,103956,22300,0.6118137671815413,0.17662526929413255,0.11206596122164492
120,125,KBFC_alpha_0_5_gamma_0_0_0_0_0_0_Medium.csv,0.5393033,0.55676085,1000,1008,0.50199203187251,672444,4000,120895,5361,0.5726952248691379,0.04246134837156254,0.031681662653656066
126,127,KBFC_alpha_0_5_gamma_0_0_0_0_0_0_Easy.csv,0.40491796,0.50817347,1446,1000,0.4088307440719542,676444,0,126256,0,,0.0,0.0
