Index,len,Filename,min,max,Neg,Pos,$\frac{\text{Pos}}{\text{Neg}+\text{Pos}}$,TN,FP,FN,TP,Prec,Rec,FP/P
53,62,BRFC_alpha_0_5_0_0_0_1_Hard,0.8,0.8098333333333333,1797,2253,0.5562962962962963,665040,11404,103883,22373,0.6623738046599758,0.1772034596375618,0.09032442022557344
109,111,BRFC_alpha_0_5_0_0_0_1_Medium,0.93,0.9531666666666668,1324,2097,0.6129786612101724,675442,1002,124337,1919,0.656966792194454,0.015199277658091497,0.007936256494740845
124,126,BRFC_alpha_0_5_0_0_0_1_Easy,0.9433333333333336,0.9635833333333332,1037,1002,0.491417361451692,675442,1002,125015,1241,0.5532768613464111,0.009829235838296793,0.007936256494740845
109,118,KBFC_alpha_0_5_gamma_0_0_0_0_0_1_Hard,0.56586254,0.58134025,1000,1144,0.5335820895522388,668444,8000,110312,15944,0.6658870698296024,0.12628310733747308,0.06336332530731213
123,125,KBFC_alpha_0_5_gamma_0_0_0_0_0_1_Medium,0.60023475,0.6432156,1000,1308,0.5667244367417678,675444,1000,124478,1778,0.6400287976961843,0.014082499049550121,0.007920415663414017
125,127,KBFC_alpha_0_5_gamma_0_0_0_0_0_1_Easy,0.38157535,0.40491256,1627,1000,0.3806623524933384,674998,1446,125256,1000,0.4088307440719542,0.007920415663414017,0.011452921049296667
