Index,len,Filename,min,max,Neg,Pos,$\frac{\text{Pos}}{\text{Neg}+\text{Pos}}$,TN,FP,FN,TP,Prec,Rec,FP/P
341,399,BRFC_alpha_0_5_1_1_0_1_Hard,0.812,0.8133095238095236,10,10,0.5,666770,9674,105801,20455,0.6789140031199177,0.1620121023951337,0.07662210112786719
3036,3190,BRFC_alpha_0_5_1_1_0_1_Medium,0.888,0.8881666666666664,12,12,0.5,670382,6062,117896,8360,0.5796699486895022,0.06621467494614117,0.04801355975161577
9699,11132,BRFC_alpha_0_5_1_1_0_1_Easy,0.7975535714285715,0.7975952380952378,10,10,0.5,649212,27232,110210,16046,0.370765747030824,0.1270909897351413,0.21568875934609047
11607,11608,KBFC_alpha_0_5_gamma_0_0_1_1_0_1_Hard,0.94929874,0.97916293,10,37.0,0.7872340425531915,676444,0,126256.0,0.0,,0.0,0.0
9217,12312,KBFC_alpha_0_5_gamma_0_0_1_1_0_1_Medium,0.3037057,0.30373257,10,10,0.5,625926,50518,92432,33824,0.40103388584572336,0.2679001393993157,0.4001235584843493
10802,11218,KBFC_alpha_0_5_gamma_0_0_1_1_0_1_Easy,0.34676844,0.3468325,10,10,0.5,669041,7403,121765,4491,0.3775853371447789,0.03557058674439235,0.05863483715625396
