Index,len,Filename,min,max,Neg,Pos,$\frac{\text{Pos}}{\text{Neg}+\text{Pos}}$,TN,FP,FN,TP,Prec,Rec,FP/P
351,399,BRFC_alpha_0_5_1_1_0_1_Hard,0.8266666666666665,0.8273809523809524,12,24,0.6666666666666666,668275,8169,107967,18289,0.6912465038929624,0.14485648206817894,0.06470187555442909
3125,3190,BRFC_alpha_0_5_1_1_0_1_Medium,0.926595238095238,0.9266666666666664,10,20,0.6666666666666666,673973,2471,122292,3964,0.616006216006216,0.03139652768977316,0.019571347104296033
11110,11132,BRFC_alpha_0_5_1_1_0_1_Easy,0.9824034690799396,0.983249791144528,10,20,0.6666666666666666,676078,366,125690,566,0.6072961373390557,0.004482955265492333,0.0028988721328095297
11607,11608,KBFC_alpha_0_5_gamma_0_0_1_1_0_1_Hard,0.94929874,0.97916293,10,37.0,0.7872340425531915,676444,0,126256.0,0.0,,0.0,0.0
12228,12312,KBFC_alpha_0_5_gamma_0_0_1_1_0_1_Medium,0.6530902,0.65380603,10,20,0.6666666666666666,675601,843,124733,1523,0.6437024513947591,0.012062793055379547,0.006676910404258015
11032,11218,KBFC_alpha_0_5_gamma_0_0_1_1_0_1_Easy,0.3797488,0.3800011,10,20,0.6666666666666666,673372,3072,124271,1985,0.3925252125766265,0.015722025091876823,0.024331516918007858
