Index,len,Filename,min,max,Neg,Pos,$\frac{\text{Pos}}{\text{Neg}+\text{Pos}}$,TN,FP,FN,TP,Prec,Rec,FP/P
59,63,BRFC_alpha_0_5_0_1_1_1_Hard,0.8525,0.8699999999999999,1001,1861,0.6502445842068484,672627,3817,115107,11149,0.7449552318588801,0.08830471423140286,0.0302322265872513
112,113,BRFC_alpha_0_5_0_1_1_1_Medium,0.955,1.0,1009,1923,0.6558663028649386,676444,0,126256,0,,0.0,0.0
125,126,BRFC_alpha_0_5_0_1_1_1_Easy,0.9638333333333337,1.0,1000,1279,0.5612110574813515,676444,0,126256,0,,0.0,0.0
115,119,KBFC_alpha_0_5_gamma_0_0_0_1_1_1_Hard,0.6663969,0.70054084,1000,1886,0.6534996534996536,673444,3000,117965,8291,0.7343016561863431,0.0656681662653656,0.023761246990242048
124,125,KBFC_alpha_0_5_gamma_0_0_0_1_1_1_Medium,0.6342377,0.8870699,1000,1754,0.6368917937545389,676444,0,126256,0,,0.0,0.0
126,127,KBFC_alpha_0_5_gamma_0_0_0_1_1_1_Easy,0.4069035,0.5063206,1412,1000,0.41459369817578773,676444,0,126256,0,,0.0,0.0
