Index,len,Filename,min,max,Neg,Pos,$\frac{\text{Pos}}{\text{Neg}+\text{Pos}}$,TN,FP,FN,TP,Prec,Rec,FP/P
96,115,BRFC_alpha_0_5_1_0_1_0_Hard,0.79,0.7995833333333334,1884,2294,0.5490665390138822,663228,13216,99849,26407,0.6664563511092042,0.20915441642377391,0.10467621340767963
601,604,BRFC_alpha_0_5_1_0_1_0_Medium,0.97,0.9799981962481962,211,388,0.6477462437395659,676122,322,125625,631,0.6621196222455404,0.004997782283614244,0.002550373843619313
1241,1243,BRFC_alpha_0_5_1_0_1_0_Easy,0.99,0.999,137,200,0.5934718100890207,676340,104,126060,196,0.6533333333333333,0.001552401470029147,0.0008237232289950577
1097,1177,KBFC_alpha_0_5_gamma_0_0_1_0_1_0_Hard,0.56109846,0.5630157,100,126,0.5575221238938053,668543,7901,110428,15828,0.6670319018921994,0.12536433912051703,0.06257920415663414
1245,1249,KBFC_alpha_0_5_gamma_0_0_1_0_1_0_Medium,0.6821918,0.69468594,100,151,0.601593625498008,676144,300,125660,596,0.6651785714285714,0.004720567735394754,0.0023761246990242047
1244,1247,KBFC_alpha_0_5_gamma_0_0_1_0_1_0_Easy,0.43856704,0.4500182,168,100,0.373134328358209,676165,279,126056,200,0.4175365344467641,0.0015840831326828031,0.0022097959700925103
