Index,len,Filename,min,max,Neg,Pos,$\frac{\text{Pos}}{\text{Neg}+\text{Pos}}$,TN,FP,FN,TP,Prec,Rec,FP/P
68,115,BRFC_alpha_0_5_1_0_1_0_Hard,0.65,0.6533333333333333,5036,2247,0.3085267060277358,618104,58340,67245,59011,0.5028589445339197,0.4673916487137245,0.46207704980357367
538,604,BRFC_alpha_0_5_1_0_1_0_Medium,0.82,0.8224999999999999,1261,1076,0.46041934103551563,659161,17283,108941,17315,0.5004624544771374,0.1371419972120137,0.13688854391078445
1217,1243,BRFC_alpha_0_5_1_0_1_0_Easy,0.9291309523809524,0.9310331890331888,181,100,0.35587188612099646,673609,2835,123391,2865,0.5026315789473684,0.022691990875681155,0.022454378405778734
861,1177,KBFC_alpha_0_5_gamma_0_0_1_0_1_0_Hard,0.34299394,0.34364855,227,100,0.3058103975535168,636454,39990,86203,40053,0.5003935384730708,0.3172364085667216,0.3167374223799265
1131,1249,KBFC_alpha_0_5_gamma_0_0_1_0_1_0_Medium,0.44359148,0.44453526,129,100,0.4366812227074236,663355,13089,113167,13089,0.5,0.10367032061842606,0.10367032061842606
1244,1247,KBFC_alpha_0_5_gamma_0_0_1_0_1_0_Easy,0.43856704,0.4500182,168,100,0.373134328358209,676165,279,126056,200,0.4175365344467641,0.0015840831326828031,0.0022097959700925103
