Index,len,Filename,min,max,Neg,Pos,$\frac{\text{Pos}}{\text{Neg}+\text{Pos}}$,TN,FP,FN,TP,Prec,Rec,FP/P
40,115,BRFC_alpha_0_5_1_0_1_0_Hard,0.49,0.4999999999999999,11839,1828,0.13375283529670007,484177,192267,31804,94452,0.32942358197398847,0.7480991002407806,1.5228345583576226
343,604,BRFC_alpha_0_5_1_0_1_0_Medium,0.5953333333333334,0.5966190476190476,415,100,0.1941747572815534,547597,128847,61982,64274,0.33281724928930567,0.5090767963502725,1.0205217969839058
993,1243,BRFC_alpha_0_5_1_0_1_0_Easy,0.7385077977577978,0.7392441304350812,292,101,0.25699745547073793,625539,50905,100827,25429,0.3331280949511358,0.201408249904955,0.4031887593460905
456,1177,KBFC_alpha_0_5_gamma_0_0_1_0_1_0_Hard,0.17275032,0.17308185,436,100,0.1865671641791045,515008,161436,45701,80555,0.3328842808203611,0.6380290837663161,1.2786402230389051
748,1249,KBFC_alpha_0_5_gamma_0_0_1_0_1_0_Medium,0.23377031,0.2340612,306,100,0.24630541871921183,573528,102916,74854,51402,0.33309140864967146,0.40712520593080725,0.8151374984159169
1100,1247,KBFC_alpha_0_5_gamma_0_0_1_0_1_0_Easy,0.2893745,0.289683,258,100,0.27932960893854747,646972,29472,111535,14721,0.3331070531532143,0.11659643898111773,0.23343049043213787
