Index,len,Filename,min,max,Neg,Pos,$\frac{\text{Pos}}{\text{Neg}+\text{Pos}}$,TN,FP,FN,TP,Prec,Rec,FP/P
1225,1226,BRFC_alpha_0_5_1_1_0_0_Hard,1.0,1.0,15,144.0,0.9056603773584906,676444,0,126256.0,0.0,,0.0,0.0
6282,12566,BRFC_alpha_0_5_1_1_0_0_Medium,0.5601190476190476,0.5601190476190476,1,1,0.5,518290,158154,54757,71499,0.31133492704210264,0.5663017995184387,1.2526454188315803
50267,63643,BRFC_alpha_0_5_1_1_0_0_Easy,0.7449761904761903,0.7449761904761906,2,2,0.5,628080,48364,101815,24441,0.33570496531831606,0.19358287922950196,0.3830629831453555
106017,106018,KBFC_alpha_0_5_gamma_0_0_1_1_0_0_Hard,0.95827824,0.97667265,1,12.0,0.9230769230769231,676444,0,126256.0,0.0,,0.0,0.0
112152,112153,KBFC_alpha_0_5_gamma_0_0_1_1_0_0_Medium,0.8761753,0.91096604,1,1.0,0.5,676444,0,126256.0,0.0,,0.0,0.0
65089,65090,KBFC_alpha_0_5_gamma_0_0_1_1_0_0_Easy,0.50159866,0.517414,5,6.0,0.5454545454545454,676444,0,126256.0,0.0,,0.0,0.0
