Index,len,Filename,min,max,Neg,Pos,$\frac{\text{Pos}}{\text{Neg}+\text{Pos}}$,TN,FP,FN,TP,Prec,Rec,FP/P
1225,1226,BRFC_alpha_0_5_1_1_0_0_Hard,1.0,1.0,15,144.0,0.9056603773584906,676444,0,126256.0,0.0,,0.0,0.0
12492,12566,BRFC_alpha_0_5_1_1_0_0_Medium,0.958,0.9580909090909092,3,3,0.5,675703,741,124772,1484,0.6669662921348315,0.0117538968445064,0.005869028006589786
63639,63643,BRFC_alpha_0_5_1_1_0_0_Easy,0.9983333333333334,0.9983333333333334,4,1,0.2,676322,122,126034,222,0.6453488372093024,0.0017583322772779116,0.0009662907109365099
106017,106018,KBFC_alpha_0_5_gamma_0_0_1_1_0_0_Hard,0.95827824,0.97667265,1,12.0,0.9230769230769231,676444,0,126256.0,0.0,,0.0,0.0
112152,112153,KBFC_alpha_0_5_gamma_0_0_1_1_0_0_Medium,0.8761753,0.91096604,1,1.0,0.5,676444,0,126256.0,0.0,,0.0,0.0
65089,65090,KBFC_alpha_0_5_gamma_0_0_1_1_0_0_Easy,0.50159866,0.517414,5,6.0,0.5454545454545454,676444,0,126256.0,0.0,,0.0,0.0
