Index,len,Filename,min,max,Neg,Pos,$\frac{\text{Pos}}{\text{Neg}+\text{Pos}}$,TN,FP,FN,TP,Prec,Rec,FP/P
39,62,BRFC_alpha_0_5_1_0_0_1_Hard.csv,0.66,0.6699999999999998,5235,2611,0.33278103492225336,621381,55063,70630,55626,0.5025431614704261,0.44058104169306805,0.43612184767456597
97,112,BRFC_alpha_0_5_1_0_0_1_Medium.csv,0.8,0.8099999999999998,2852,1976,0.4092792046396023,654451,21993,104674,21582,0.4952839931153184,0.1709384108478013,0.17419370168546444
122,126,BRFC_alpha_0_5_1_0_0_1_Easy.csv,0.9101785714285714,0.9244444444444444,1210,1000,0.45248868778280543,673026,3418,122976,3280,0.4896984174380412,0.025978963375997973,0.027071980737549108
