Index,len,Filename,min,max,Neg,Pos,$\frac{\text{Pos}}{\text{Neg}+\text{Pos}}$,TN,FP,FN,TP,Prec,Rec,FP/P
53,62,BRFC_alpha_0_5_1_0_0_1_Hard.csv,0.8,0.8096904761904762,1772,2271,0.5617116002968093,665201,11243,104004,22252,0.664337960889685,0.1762450893422887,0.08904923330376378
110,112,BRFC_alpha_0_5_1_0_0_1_Medium.csv,0.9319444444444448,0.953274377583201,1000,1492,0.5987158908507223,675443,1001,124351,1905,0.6555402615278734,0.0150883918388037,0.00792833607907743
124,126,BRFC_alpha_0_5_1_0_0_1_Easy.csv,0.9414695027195026,0.9630595238095238,1157,1003,0.46435185185185185,675443,1001,124979,1277,0.5605794556628622,0.010114370802179699,0.00792833607907743
109,118,KBFC_alpha_0_5_gamma_0_0_1_0_0_1_Hard.csv,0.5454359,0.561431,1001,1158,0.5363594256600278,668444,8000,110277,15979,0.6663747445681638,0.12656032188569255,0.06336332530731213
123,125,KBFC_alpha_0_5_gamma_0_0_1_0_0_1_Medium.csv,0.5963885,0.63763916,1000,1212,0.5479204339963833,675444,1000,124572,1684,0.6274217585692996,0.013337979977189203,0.007920415663414017
125,127,KBFC_alpha_0_5_gamma_0_0_1_0_0_1_Easy.csv,0.3796221,0.40279156,1584,1005,0.388180764774044,674923,1521,125255,1001,0.39690721649484534,0.00792833607907743,0.012046952224052719
